Feature ID	Taxon	Confidence
8565c94cae01e4366a060ec25b643934	d__Bacteria; p__Firmicutes; c__Bacilli; o__Lactobacillales; f__Streptococcaceae; g__Streptococcus	0.9189722043151198
38637af414b21bd11ad08beab0fdfff8	d__Bacteria; p__Firmicutes; c__Bacilli; o__Lactobacillales; f__Lactobacillaceae; g__Lactobacillus; s__uncultured_Bacilli	0.7045225451996534
14b4d2b82b4d565a0c4b3f5835980d57	d__Bacteria; p__Firmicutes; c__Bacilli; o__Lactobacillales; f__Streptococcaceae; g__Streptococcus; s__uncultured_bacterium	0.8251753884398539
1b9c15ca826138b5dd3173b2e5b1a960	d__Bacteria; p__Firmicutes; c__Bacilli; o__Lactobacillales; f__Streptococcaceae; g__Streptococcus; s__Streptococcus_agalactiae	0.9999715758505676
481edf289b701f97d8308555d4e5245d	d__Bacteria; p__Proteobacteria; c__Gammaproteobacteria; o__Oceanospirillales; f__Marinomonadaceae; g__Marinomonas; s__uncultured_Marinomonas	0.9821940246330649
d5cc8ba2b8d2e58f0d5874bfb47ddcf7	d__Bacteria; p__Firmicutes; c__Bacilli; o__Lactobacillales; f__Streptococcaceae; g__Streptococcus	0.9999999901573645
7969ee25ebef6d060148f70f21abe203	d__Bacteria; p__Proteobacteria; c__Gammaproteobacteria; o__Oceanospirillales; f__Marinomonadaceae; g__Marinomonas; s__uncultured_Marinomonas	0.982798009344581
cd6e0b096dc012a29f51948e3e012269	d__Bacteria; p__Proteobacteria; c__Gammaproteobacteria; o__Aeromonadales; f__MB19; g__MB19; s__uncultured_bacterium	0.8294158084822287
19a2af160dec32005d48fea18298778f	d__Bacteria; p__Firmicutes; c__Bacilli; o__Lactobacillales; f__Lactobacillaceae; g__Lactobacillus	0.9999098974844318
a76f6f021350164f51a62932ce1a31dd	d__Bacteria; p__Firmicutes; c__Bacilli; o__Lactobacillales; f__Streptococcaceae; g__Streptococcus; s__Streptococcus_suis	0.7117716074905046
6f3152135c6e2ad7ae6c1194e13c4e69	d__Bacteria; p__Firmicutes; c__Bacilli; o__Lactobacillales; f__Aerococcaceae; g__Aerococcus; s__Aerococcus_urinaeequi	0.9940297952834773
c7eda61f0f8211830732ab8ebf5b1ea2	d__Bacteria; p__Firmicutes; c__Bacilli; o__Lactobacillales; f__Enterococcaceae; g__Enterococcus; s__uncultured_bacterium	0.8260314115696124
6f248e9c6383467d46dbc0b381705d5b	d__Bacteria; p__Firmicutes; c__Bacilli; o__Lactobacillales; f__Streptococcaceae; g__Streptococcus	0.9999999989419464
1e214dcf7f27e1ec6dee95398e20715d	d__Bacteria; p__Firmicutes; c__Bacilli; o__Lactobacillales	0.9914044093644951
b9dcdd7f773fe1d3a918298f99a961e1	d__Bacteria; p__Firmicutes; c__Bacilli; o__Lactobacillales; f__Streptococcaceae; g__Streptococcus; s__uncultured_bacterium	0.9387196936275425
0eee44f755806742dbbc4b4544922407	d__Bacteria; p__Proteobacteria; c__Gammaproteobacteria; o__Aeromonadales; f__Aeromonadaceae; g__Aeromonas; s__uncultured_bacterium	0.7355110251659663
157c9ffd55e34752535eeda8cd9e4cbb	d__Bacteria; p__Firmicutes; c__Bacilli; o__Lactobacillales; f__Lactobacillaceae; g__Lactobacillus; s__uncultured_Bacilli	0.895013384078212
bb9d92d43fe5256577885308944aabc3	d__Bacteria; p__Firmicutes; c__Bacilli; o__Lactobacillales; f__Lactobacillaceae	0.9999707525207282
13a31481306830e464977a3f01a3221b	d__Bacteria; p__Firmicutes; c__Bacilli; o__Lactobacillales; f__Enterococcaceae; g__Enterococcus; s__uncultured_bacterium	0.8429948860616581
e39618377ce1ad3de5917ce1d6a53041	d__Bacteria; p__Proteobacteria; c__Gammaproteobacteria; o__Aeromonadales; f__MB19; g__MB19; s__uncultured_bacterium	0.991021195810606
ad638c9d37b50a2e1a65ccfde85ac346	d__Bacteria; p__Firmicutes; c__Bacilli; o__Lactobacillales; f__Lactobacillaceae; g__Pediococcus	0.7900795121880008
b23b5f691d5100229bbebdaba402d1f6	d__Bacteria; p__Firmicutes; c__Bacilli; o__Lactobacillales	0.995935765655474
2585b039ee3df5cd9cb21b651e062192	d__Bacteria; p__Firmicutes; c__Bacilli; o__Lactobacillales; f__Lactobacillaceae; g__Lactobacillus	0.9996699303519272
9bb6e43325634bdb60228541e018dea0	d__Bacteria; p__Firmicutes; c__Bacilli; o__Lactobacillales; f__Streptococcaceae; g__Streptococcus	0.9759484361526432
9bbdc2d73d4c73f7716ccdc564c216af	d__Bacteria; p__Firmicutes; c__Bacilli; o__Lactobacillales; f__Lactobacillaceae; g__Lactobacillus; s__Lactobacillus_paracasei	0.9875340823319612
d1d41c653cf0a4545e378beb962a1ff8	d__Bacteria; p__Firmicutes; c__Bacilli; o__Lactobacillales; f__Streptococcaceae; g__Streptococcus	0.9999999904800522
32a5fdc098c8ebe8ab7f559d7a7f7074	d__Bacteria; p__Proteobacteria; c__Gammaproteobacteria; o__Oceanospirillales; f__Marinomonadaceae; g__Marinomonas; s__uncultured_Marinomonas	0.9758862267588869
0c3186a7f555b3c51fc65d1324ac92b3	d__Bacteria; p__Firmicutes; c__Bacilli; o__Lactobacillales; f__Leuconostocaceae; g__Fructobacillus; s__Fructobacillus_sp.	0.8377798242752601
6f99ec116dd2c75648951e32fe9e448a	d__Bacteria; p__Firmicutes; c__Bacilli; o__Lactobacillales; f__Enterococcaceae; g__Enterococcus; s__uncultured_bacterium	0.9999453656061271
c669fce3030a65799fb3f3437055701d	d__Bacteria; p__Firmicutes; c__Clostridia; o__Clostridiales; f__Clostridiaceae; g__Clostridium_sensu_stricto_1; s__uncultured_bacterium	0.800707225884397
1d5c249f7c76f7fd642651931ed24e7f	d__Bacteria; p__Firmicutes; c__Bacilli; o__Lactobacillales; f__Enterococcaceae; g__Enterococcus; s__uncultured_bacterium	0.9999627400381548
95e2a58816988f993c5dc43a4216934a	d__Bacteria; p__Proteobacteria; c__Gammaproteobacteria; o__Oceanospirillales; f__Marinomonadaceae; g__Marinomonas; s__uncultured_Marinomonas	0.9323332804991229
e6d56b77cac6af806a44bc643b9813d5	d__Bacteria; p__Firmicutes; c__Bacilli; o__Lactobacillales; f__Enterococcaceae; g__Enterococcus; s__uncultured_bacterium	0.8842155510596669
d50915b00bdee3923417ebc8d6ed53d4	d__Bacteria; p__Proteobacteria; c__Gammaproteobacteria; o__Oceanospirillales; f__Marinomonadaceae; g__Marinomonas; s__uncultured_Marinomonas	0.9834600358794254
e285ca08d998d68426f792ca73df4afd	d__Bacteria; p__Proteobacteria; c__Gammaproteobacteria; o__Enterobacterales; f__Enterobacteriaceae; g__Escherichia-Shigella	0.932471025060531
7f1616f2138932d36c5cbff4d4d290f2	d__Bacteria; p__Firmicutes; c__Bacilli; o__Lactobacillales; f__Streptococcaceae; g__Streptococcus; s__Streptococcus_cristatus	0.8048931961883836
8aa6c22a6add4a808ba23540378e2c77	d__Bacteria; p__Firmicutes; c__Bacilli; o__Lactobacillales	0.9985007840092375
54de851bfd34018d0791534ddeb5e9f6	d__Bacteria; p__Proteobacteria; c__Gammaproteobacteria; o__Enterobacterales	0.9939293739878956
6662f76a19326c81436e1730a77a1b26	d__Bacteria; p__Firmicutes; c__Bacilli; o__Lactobacillales	0.7180402164187311
01467c43e95bd11b4a31414c81ed9071	d__Bacteria; p__Proteobacteria; c__Gammaproteobacteria; o__Enterobacterales; f__Yersiniaceae; g__Serratia	0.7444171064760224
539e87967c2b16ce7789cc3355464dbc	d__Bacteria; p__Firmicutes; c__Bacilli; o__Lactobacillales; f__Enterococcaceae; g__Enterococcus; s__uncultured_bacterium	0.9983151311915257
523bd54551c7ff683bef956e57d587c9	d__Bacteria; p__Proteobacteria; c__Gammaproteobacteria; o__Alteromonadales; f__Alteromonadaceae; g__Alteromonas; s__uncultured_Alteromonas	0.9576859691251652
56b50b37bd3a37e4f5ca09e5e7130fde	d__Bacteria; p__Proteobacteria; c__Gammaproteobacteria; o__Aeromonadales; f__MB19; g__MB19; s__uncultured_bacterium	0.8325979097971082
617d2b1434ed849771e1d23ec1454a7d	d__Bacteria; p__Firmicutes; c__Bacilli; o__Lactobacillales; f__Lactobacillaceae; g__Lactobacillus	0.9995729985668247
5cd22b53ee87ba6b4ccc3a930ac6553e	d__Bacteria; p__Proteobacteria; c__Gammaproteobacteria; o__Enterobacterales; f__Enterobacteriaceae	0.889815347154801
a95c66fc020a29fb400d89eaa6e4bdcb	d__Bacteria; p__Proteobacteria; c__Gammaproteobacteria; o__Enterobacterales; f__Enterobacteriaceae	0.8391164792996801
277037de8e0cfc2d6a8beef499346fb6	d__Bacteria; p__Firmicutes; c__Bacilli; o__Bacillales; f__Bacillaceae; g__Bacillus	0.7641606900644863
f9fa0f7e75acdee38686c2065d11bc0f	d__Bacteria; p__Firmicutes; c__Bacilli; o__Lactobacillales	0.9909032251210823
21117efb811f9cb210f941a06d34cf5d	d__Bacteria; p__Proteobacteria; c__Gammaproteobacteria; o__Oceanospirillales; f__Marinomonadaceae; g__Marinomonas; s__uncultured_Marinomonas	0.9828638827209316
42188f84d0b6ecdd0182a373c0683d1b	d__Bacteria; p__Firmicutes; c__Bacilli; o__Lactobacillales; f__Enterococcaceae; g__Enterococcus; s__uncultured_bacterium	0.7422848538085323
6b0d49b23f2e8a773f518ac7934218d2	d__Bacteria; p__Firmicutes; c__Bacilli; o__Lactobacillales; f__Streptococcaceae; g__Streptococcus	0.9999999967979806
b03fca7b94ebc182bf8c099d444005e8	d__Bacteria; p__Proteobacteria; c__Gammaproteobacteria; o__Enterobacterales; f__Enterobacteriaceae	0.9966224421461334
caaa9b9cf345eaecae78a8f37e2aa309	d__Bacteria; p__Proteobacteria; c__Gammaproteobacteria; o__Aeromonadales	0.918167303275076
7886cb3680d69a382243f709390b4b49	d__Bacteria; p__Proteobacteria; c__Gammaproteobacteria; o__Enterobacterales	0.9992480556379316
a5c5867ade9820f4c96f3ba7d5bbc502	d__Bacteria; p__Proteobacteria; c__Gammaproteobacteria; o__Enterobacterales	0.9988538907294608
649da8f0e119b044c550e5088f630baa	d__Bacteria; p__Proteobacteria; c__Gammaproteobacteria; o__Oceanospirillales; f__Marinomonadaceae; g__Marinomonas; s__uncultured_Marinomonas	0.9781028878006297
b672df2264a3e74d449814084fbbb25f	d__Bacteria; p__Firmicutes; c__Bacilli; o__Lactobacillales; f__Lactobacillaceae; g__Lactobacillus; s__uncultured_Bacilli	0.9471644300238842
d52dc6649d51fcdda3a07aa1a932c2aa	d__Bacteria; p__Firmicutes; c__Bacilli; o__Lactobacillales; f__Streptococcaceae; g__Streptococcus	0.9999999869700198
be7fff5ba18c4ccedef711d0b76e0816	d__Bacteria; p__Firmicutes; c__Bacilli; o__Lactobacillales; f__Streptococcaceae; g__Streptococcus; s__uncultured_bacterium	0.9380480104769033
00bc1c2e18b9545ade25d5cf4efab267	d__Bacteria; p__Firmicutes; c__Bacilli; o__Lactobacillales; f__Streptococcaceae; g__Streptococcus; s__Streptococcus_parauberis	0.9977463331266142
1a0b671a0a5eabc5167e5414f1dfbbac	d__Bacteria; p__Firmicutes; c__Bacilli; o__Lactobacillales; f__Lactobacillaceae; g__Lactobacillus; s__Lactobacillus_hilgardii	0.8643351288282848
f4a725fe702f0c39f401c7995d8fef5c	d__Bacteria; p__Firmicutes; c__Bacilli; o__Lactobacillales; f__Streptococcaceae; g__Streptococcus; s__Streptococcus_ferus	0.9996029689014985
691399b30c1f1a8471b00c55557fa303	d__Bacteria; p__Firmicutes; c__Bacilli; o__Lactobacillales; f__Lactobacillaceae; g__Lactobacillus	0.9417826716192735
705434edebb0423cd07f4a0b6f8716c8	d__Bacteria; p__Proteobacteria; c__Gammaproteobacteria; o__Vibrionales; f__Vibrionaceae; g__Vibrio	0.8268721399003094
e088370ff3398513fc5a20d4065beda8	d__Bacteria; p__Proteobacteria; c__Gammaproteobacteria; o__Enterobacterales; f__Enterobacteriaceae	0.9360397492701507
403a4f90b7bb982b3a294d18140677aa	d__Bacteria; p__Firmicutes; c__Bacilli; o__Lactobacillales; f__Lactobacillaceae; g__Lactobacillus; s__uncultured_Bacilli	0.8282344830901766
0c0f187550f76e422340cf4d24370fd5	d__Bacteria; p__Proteobacteria; c__Gammaproteobacteria; o__Enterobacterales; f__Enterobacteriaceae	0.914903269644437
d2a3bc7a3ad146a7ebfb51b711e28266	d__Bacteria; p__Firmicutes; c__Bacilli; o__Lactobacillales; f__Enterococcaceae; g__Enterococcus; s__uncultured_bacterium	0.9999872775821783
eb31b312154e636dccfe16f354e4ab64	d__Bacteria; p__Proteobacteria; c__Gammaproteobacteria; o__Enterobacterales; f__Enterobacteriaceae	0.8392869597307248
228cc7a16f868bc916a8241d653e348d	d__Bacteria; p__Firmicutes; c__Clostridia; o__Lachnospirales; f__Lachnospiraceae; g__[Ruminococcus]_torques_group; s__uncultured_bacterium	0.9299673154894597
1e4eddcea1f88c5dca4b727d4ed69583	d__Bacteria; p__Proteobacteria; c__Gammaproteobacteria; o__Pseudomonadales; f__Moraxellaceae; g__Psychrobacter; s__Psychrobacter_maritimus	0.8587435883692129
39c2f2148a4c8ad1369479c7a3dd713f	d__Bacteria; p__Proteobacteria; c__Gammaproteobacteria; o__Enterobacterales; f__Enterobacteriaceae; g__Escherichia-Shigella	0.9294963289844178
13f3102c3659958d2456ae28315486e8	d__Bacteria; p__Firmicutes; c__Bacilli; o__Lactobacillales; f__Lactobacillaceae; g__Lactobacillus; s__Lactobacillus_nagelii	0.9943601616571323
fd0031c26b6aedcfc44347fe527bd0b2	d__Bacteria; p__Firmicutes; c__Bacilli; o__Lactobacillales; f__Streptococcaceae; g__Streptococcus	0.9999979244591208
157be614c01fb254cfd3d94d0d669d8a	d__Bacteria; p__Proteobacteria; c__Gammaproteobacteria; o__Oceanospirillales; f__Marinomonadaceae; g__Marinomonas; s__uncultured_Marinomonas	0.9651916161154191
4d66cb13d80bed71260950eabc10e725	d__Bacteria; p__Firmicutes; c__Bacilli; o__Lactobacillales; f__Lactobacillaceae; g__Lactobacillus	0.9907254732301911
d48cb1c30d4891cf8ee9daaf24ef355f	d__Bacteria; p__Proteobacteria; c__Alphaproteobacteria; o__Acetobacterales; f__Acetobacteraceae; g__uncultured; s__uncultured_Alphaproteobacteria	0.9774152165634598
0009953efd747d8acd8df1792ab924d0	d__Bacteria; p__Proteobacteria; c__Gammaproteobacteria; o__Enterobacterales	0.9989572800155443
6664f50caa5adf857f4859cac1993ee8	d__Bacteria; p__Proteobacteria; c__Gammaproteobacteria; o__Pseudomonadales; f__Moraxellaceae; g__Acinetobacter; s__uncultured_bacterium	0.971425944064692
f86a5ea6be53de98f71e0eb2c0481096	d__Bacteria; p__Proteobacteria; c__Gammaproteobacteria; o__Pseudomonadales; f__Pseudomonadaceae; g__Pseudomonas	0.99999669107538
a09fb2c4b5faeeb95c468cbc5778f792	d__Bacteria; p__Proteobacteria; c__Gammaproteobacteria; o__Pseudomonadales; f__Moraxellaceae; g__Acinetobacter; s__uncultured_bacterium	0.9686833176623272
2f46c256f61531769bd9d78a25ae3be4	d__Bacteria; p__Firmicutes; c__Bacilli; o__Lactobacillales	0.9878027928120394
6371528826482f6a77dcffc7847607c0	d__Bacteria; p__Firmicutes; c__Bacilli; o__Lactobacillales; f__Streptococcaceae; g__Streptococcus	0.9260048813797984
74a605a7879703c4bfa39fa09177565c	d__Bacteria; p__Firmicutes; c__Bacilli; o__Lactobacillales; f__Lactobacillaceae	0.9733398424024188
822c3ab8157022fb8b7154391b64422d	d__Bacteria; p__Proteobacteria; c__Gammaproteobacteria; o__Enterobacterales; f__Enterobacteriaceae	0.8153933172064537
79d646b71ba9143bf700ceeb23e2325e	d__Bacteria; p__Firmicutes; c__Bacilli; o__Lactobacillales; f__Lactobacillaceae; g__Lactobacillus; s__uncultured_Bacilli	0.8077561216560684
52da5cba5fa5fe64dcce39284d8ea459	d__Bacteria; p__Proteobacteria; c__Gammaproteobacteria; o__Enterobacterales; f__Yersiniaceae; g__Serratia	0.8778556224007041
11ad3fe8e44dbf71610fabc4c37bab35	d__Bacteria; p__Actinobacteriota; c__Actinobacteria; o__Streptomycetales; f__Streptomycetaceae; g__Streptomyces	0.8153998732959894
4b88752b3dc5426521066aeccaeca3f1	d__Bacteria; p__Proteobacteria; c__Gammaproteobacteria; o__Vibrionales; f__Vibrionaceae; g__Vibrio	0.8554898883821513
f85a09617a9508236ba8e2d189a0a0a1	d__Bacteria; p__Proteobacteria; c__Gammaproteobacteria; o__Burkholderiales; f__Burkholderiaceae; g__Burkholderia-Caballeronia-Paraburkholderia	0.7756105016494583
061546e149be998c2bfe0a8a1057d498	d__Bacteria; p__Proteobacteria; c__Gammaproteobacteria; o__Oceanospirillales; f__Marinomonadaceae; g__Marinomonas; s__uncultured_Marinomonas	0.9281775159491138
c1c007590c6311315740b11f4f3030a7	d__Bacteria; p__Firmicutes; c__Bacilli; o__Lactobacillales; f__Lactobacillaceae; g__Lactobacillus	0.9450909444867777
f6bafa728cae419fdb5d153f2ebe465d	d__Bacteria; p__Proteobacteria; c__Gammaproteobacteria; o__Enterobacterales	0.9997842258588227
eabe3dee9102aaa871386c193b1d11ab	d__Bacteria; p__Firmicutes; c__Bacilli; o__Bacillales; f__Bacillaceae; g__Bacillus	0.9639782927311653
41f96b0fac1061db1d076bb9da770bc3	d__Bacteria; p__Firmicutes; c__Bacilli; o__Lactobacillales	0.9971451497043461
41ff94576e12c17b9b392ceec368d280	d__Bacteria; p__Proteobacteria; c__Gammaproteobacteria; o__Burkholderiales; f__Burkholderiaceae	0.8791969836763285
ee66e6a57cc03213b58b52235ad2d083	d__Bacteria; p__Firmicutes; c__Bacilli; o__Lactobacillales; f__Lactobacillaceae; g__Pediococcus	0.9578107716461018
190fc1f84a17206c4c9188b9d5e9bfff	d__Bacteria; p__Firmicutes; c__Clostridia; o__Oscillospirales; f__Ruminococcaceae; g__Faecalibacterium; s__uncultured_bacterium	0.999999228014246
c9fda5cf2b4b6f93adc130a1b6e1b545	d__Bacteria; p__Firmicutes; c__Bacilli; o__Lactobacillales; f__Lactobacillaceae; g__Lactobacillus; s__uncultured_Bacilli	0.9370336279953645
8f7c12c8f5c1fb33dc6b74d8afbe86c8	d__Bacteria; p__Firmicutes; c__Bacilli; o__Staphylococcales; f__Staphylococcaceae; g__Staphylococcus; s__uncultured_bacterium	0.9999702686992556
c7c567fd16e9be693e87133b0c9624b8	d__Bacteria; p__Firmicutes; c__Bacilli; o__Lactobacillales; f__Streptococcaceae; g__Streptococcus	0.9999999715258197
04fb767efaeddfee9c1dfa6c18053ebc	d__Bacteria; p__Firmicutes; c__Bacilli; o__Lactobacillales; f__Lactobacillaceae; g__Lactobacillus	0.9995439984974166
07b169b998bfa5d8032bec969ee0382b	d__Bacteria; p__Proteobacteria; c__Gammaproteobacteria; o__Enterobacterales; f__Enterobacteriaceae	0.9841513671903557
3f4ae80cb601a9022a89a984a8ddae54	d__Bacteria; p__Proteobacteria; c__Gammaproteobacteria; o__Enterobacterales	0.9969895153115824
cda2fcdbc39ef3e425cc16008b8690d9	d__Bacteria; p__Firmicutes; c__Bacilli; o__Lactobacillales; f__Streptococcaceae; g__Streptococcus	0.9048149536969727
1770e8ba552824e7fd0e5c8696d2a3ca	d__Bacteria; p__Firmicutes; c__Bacilli; o__Lactobacillales; f__Lactobacillaceae; g__Lactobacillus; s__uncultured_Bacilli	0.7496776064481319
059c20d01a3969a2cdd314085ec70195	d__Bacteria; p__Firmicutes; c__Bacilli; o__Lactobacillales; f__Lactobacillaceae; g__Lactobacillus; s__uncultured_Bacilli	0.7867485875792394
a0a0e451f972990ba6319b101f190300	d__Bacteria; p__Firmicutes; c__Bacilli; o__Lactobacillales; f__Streptococcaceae; g__Streptococcus; s__uncultured_bacterium	0.9875823519432951
3820e9c16ae0fbb6fb7a3f26bd9ebdcb	d__Bacteria; p__Proteobacteria; c__Gammaproteobacteria; o__Pseudomonadales; f__Moraxellaceae; g__Psychrobacter; s__Psychrobacter_maritimus	0.9349350358234801
7f5382019a2d8c03e1e707cae172192e	d__Bacteria; p__Firmicutes; c__Bacilli; o__Lactobacillales; f__Streptococcaceae; g__Streptococcus	0.9999999870429878
c9d60b7ceeebed1dd4bb469e492621ca	d__Bacteria; p__Firmicutes; c__Bacilli; o__Lactobacillales; f__Streptococcaceae; g__Streptococcus; s__Streptococcus_agalactiae	0.9996734801871016
31a466f923ae7026ea88375316e28464	d__Bacteria; p__Firmicutes; c__Bacilli; o__Lactobacillales; f__Streptococcaceae; g__Streptococcus; s__Streptococcus_agalactiae	0.9999136352421348
c6958a30aa77044529dbc0fa25ea05eb	d__Bacteria; p__Firmicutes; c__Bacilli; o__Lactobacillales; f__Lactobacillaceae; g__Lactobacillus	0.983246837159605
832371541c564bd225cee66f492c5286	d__Bacteria; p__Proteobacteria; c__Gammaproteobacteria; o__Pseudomonadales; f__Pseudomonadaceae; g__Pseudomonas; s__Pseudomonas_putida	0.9710072334058337
45372636ec35e18aca00321c82aeb165	d__Bacteria; p__Firmicutes; c__Bacilli; o__Lactobacillales; f__Streptococcaceae; g__Streptococcus; s__Streptococcus_agalactiae	0.999897039701422
303f328eb2154675e3efd755e9fbe5bd	d__Bacteria; p__Firmicutes; c__Bacilli; o__Lactobacillales; f__Lactobacillaceae; g__Lactobacillus	0.8461848058493314
f6dedd5e18536942dd60c0e3b78616e5	d__Bacteria; p__Proteobacteria; c__Gammaproteobacteria; o__Burkholderiales; f__Burkholderiaceae; g__Burkholderia-Caballeronia-Paraburkholderia	0.7441120351524224
cc3621846bc2ca411c880e9a93170028	d__Bacteria; p__Proteobacteria; c__Gammaproteobacteria; o__Enterobacterales	0.9999142315434177
ee4feda5ddf3da83f7bc742161a0742b	d__Bacteria; p__Firmicutes; c__Bacilli; o__Lactobacillales; f__Streptococcaceae; g__Streptococcus	0.999999537932363
4b1ff920b338e104898ed57c376536e3	d__Bacteria; p__Firmicutes; c__Bacilli; o__Lactobacillales; f__Lactobacillaceae; g__Lactobacillus; s__Lactobacillus_parafarraginis	0.8125822518781816
311835f5c88487b8e46293e40f471def	d__Bacteria; p__Proteobacteria; c__Gammaproteobacteria; o__Pseudomonadales; f__Moraxellaceae; g__Acinetobacter; s__uncultured_bacterium	0.9784780379478326
34339518f6e716c85dfa473dd2fe3a74	d__Bacteria; p__Firmicutes; c__Bacilli; o__Lactobacillales; f__Streptococcaceae; g__Streptococcus	0.8691017847403836
5b0ff6a82e026081ebbc1682771ec0d6	d__Bacteria; p__Proteobacteria; c__Gammaproteobacteria; o__Enterobacterales	0.9999425255189729
2316ebdbd26a4ac1d3c73358d9a11783	d__Bacteria; p__Proteobacteria; c__Gammaproteobacteria; o__Pseudomonadales; f__Moraxellaceae; g__Acinetobacter; s__uncultured_bacterium	0.9974416690075821
8549579daee286dc0521145342ce0ec7	d__Bacteria; p__Firmicutes; c__Bacilli; o__Lactobacillales; f__Streptococcaceae; g__Streptococcus; s__uncultured_bacterium	0.8889335614217193
2e8fea561da161d5658b62cf794722a6	d__Bacteria; p__Bacteroidota; c__Bacteroidia; o__Flavobacteriales; f__Weeksellaceae; g__Chryseobacterium; s__Chryseobacterium_sp.	0.9998577599356228
57e89ec5a90b307d68ebf534f0dd8fcc	d__Bacteria; p__Proteobacteria; c__Alphaproteobacteria; o__Acetobacterales; f__Acetobacteraceae; g__uncultured; s__uncultured_Alphaproteobacteria	0.9145387968891072
51b542f8f375f67f1df129c76e7bb050	d__Bacteria; p__Firmicutes; c__Clostridia; o__Lachnospirales; f__Lachnospiraceae; g__[Ruminococcus]_torques_group; s__uncultured_bacterium	0.9539680420819601
322a182c753f65bf7d23e643da34273a	d__Bacteria; p__Proteobacteria; c__Gammaproteobacteria; o__Enterobacterales; f__Enterobacteriaceae	0.984570802638802
afce08fa4d40eb56127835793b1cbe6d	d__Bacteria; p__Firmicutes; c__Bacilli; o__Lactobacillales; f__Streptococcaceae; g__Streptococcus	0.9999998484148106
929be1a9d7680b034defb1f0179c4e69	d__Bacteria; p__Firmicutes; c__Bacilli; o__Lactobacillales; f__Enterococcaceae; g__Enterococcus; s__uncultured_bacterium	0.999987663401126
4e9c1d1a0d7fa04f7dfc25cf7da7d3c7	d__Bacteria; p__Proteobacteria; c__Gammaproteobacteria; o__Alteromonadales; f__Alteromonadaceae; g__Alteromonas; s__uncultured_Alteromonas	0.9670477263790109
00de963113a29cffdbadba94300980cb	d__Bacteria; p__Proteobacteria; c__Gammaproteobacteria; o__Enterobacterales; f__Enterobacteriaceae	0.8491148078263145
2bec6ecb2df355af9a90b53103eebe2b	d__Bacteria; p__Firmicutes; c__Bacilli; o__Lactobacillales; f__Lactobacillaceae; g__Lactobacillus	0.9300214752879241
19df8e1e0f8fe07e548fb13c5865cdcd	d__Bacteria; p__Proteobacteria; c__Gammaproteobacteria; o__Oceanospirillales; f__Marinomonadaceae; g__Marinomonas; s__uncultured_Marinomonas	0.9214853018592415
fed732d201e37f4aa0b9b1e2c9ec3174	d__Bacteria; p__Firmicutes; c__Bacilli; o__Lactobacillales; f__Lactobacillaceae; g__Lactobacillus; s__uncultured_Bacilli	0.8051996521534818
585bb4a27e14848fd7dfc0b6f19c7df9	d__Bacteria; p__Proteobacteria; c__Alphaproteobacteria; o__Sphingomonadales; f__Sphingomonadaceae	0.9999996660102514
3e7e67982b4ae888325ab8a23531ca3e	d__Bacteria; p__Firmicutes; c__Bacilli; o__Lactobacillales; f__Lactobacillaceae; g__Lactobacillus	0.985626366105029
27f132c6aa1c489d72a260794544a72e	d__Bacteria; p__Proteobacteria; c__Gammaproteobacteria; o__Enterobacterales; f__Enterobacteriaceae	0.9950975392248721
aebcabce998fad73391df7e6caf57522	d__Bacteria; p__Firmicutes; c__Bacilli; o__Lactobacillales; f__Lactobacillaceae; g__Lactobacillus	0.9996028913242905
1b2984b6cae97bb5228351d329bde211	d__Bacteria; p__Proteobacteria; c__Gammaproteobacteria; o__Enterobacterales; f__Yersiniaceae; g__Serratia	0.7362423005889867
a10f9eeaa6040e3a1931b522ba859bfd	d__Bacteria; p__Firmicutes; c__Bacilli; o__Lactobacillales	0.9930603336458029
b22416e305702b1ac4e6353a2c4f5361	d__Bacteria; p__Proteobacteria; c__Gammaproteobacteria; o__Aeromonadales; f__MB19; g__MB19; s__uncultured_bacterium	0.8014440929877072
5fff8e01438add24eff8d066ee6f4cde	d__Bacteria; p__Proteobacteria; c__Gammaproteobacteria	0.9999977912514901
5cfdccd500f6e9c7f0a2e83dd42f7d34	d__Bacteria; p__Firmicutes; c__Clostridia; o__Clostridiales; f__Clostridiaceae; g__Clostridium_sensu_stricto_1; s__uncultured_bacterium	0.7976151761971131
5aaaa34eaefff688a1425b8049b4e231	d__Bacteria; p__Proteobacteria; c__Gammaproteobacteria; o__Alteromonadales; f__Gallaecimonadaceae; g__Gallaecimonas	0.7145757490016702
cb912191fe1eddaa2637ff8d4bf72bf4	d__Bacteria; p__Proteobacteria; c__Gammaproteobacteria; o__Alteromonadales; f__Alteromonadaceae; g__Alteromonas; s__uncultured_Alteromonas	0.9570040767015159
14af8403e4d5ae6e569a032ca62e1731	d__Bacteria; p__Bacteroidota; c__Bacteroidia; o__Flavobacteriales; f__Weeksellaceae; g__Weeksella; s__Weeksella_virosa	0.9437596172543619
ae9194c82cc23aec83c7351b7467e8d5	d__Bacteria; p__Proteobacteria; c__Gammaproteobacteria; o__Pseudomonadales; f__Moraxellaceae; g__Acinetobacter; s__uncultured_bacterium	0.9969217550977328
312a1af3cd94d49aeedeec4baa7a450e	d__Bacteria; p__Firmicutes; c__Clostridia; o__Lachnospirales; f__Lachnospiraceae; g__Lachnospira; s__uncultured_organism	0.9999955478108323
c0e14ba53bb1e2de4162d53df3463520	d__Bacteria; p__Bacteroidota; c__Bacteroidia; o__Bacteroidales; f__Bacteroidaceae; g__Bacteroides; s__uncultured_organism	0.9971456351011462
1fe90f12ccd8ef2ee74624721b8ed7f3	d__Bacteria; p__Firmicutes; c__Bacilli; o__Lactobacillales; f__Lactobacillaceae; g__Lactobacillus; s__Lactobacillus_nagelii	0.9542372153676136
0aa88c0236982ab05356e48e580843d6	d__Bacteria; p__Firmicutes; c__Bacilli; o__Lactobacillales; f__Lactobacillaceae	0.999969601772198
1defe098a42a444ec8d9915b59ca3505	d__Bacteria; p__Proteobacteria; c__Gammaproteobacteria; o__Pseudomonadales; f__Pseudomonadaceae; g__Pseudomonas; s__uncultured_bacterium	0.8197903357082563
492db537cacea0334c0a54e41bbcd17e	d__Bacteria; p__Firmicutes; c__Clostridia; o__Lachnospirales; f__Lachnospiraceae	0.9999847865864426
7ca0f90a50d23b8a29db61e3a8100611	d__Bacteria; p__Proteobacteria; c__Gammaproteobacteria; o__Enterobacterales	0.9999710691328108
788f1dcb4d902430795b5f24e567446a	d__Bacteria; p__Proteobacteria; c__Gammaproteobacteria; o__Enterobacterales; f__Enterobacteriaceae	0.7278413632223515
a9e218af4de6ce86bd5804f3cf40520a	d__Bacteria; p__Proteobacteria; c__Gammaproteobacteria; o__Pseudomonadales; f__Moraxellaceae; g__Acinetobacter; s__uncultured_bacterium	0.9643796094245255
1bd855a73fc25acac9f5b519ad61405e	d__Bacteria; p__Firmicutes; c__Bacilli; o__Lactobacillales; f__Lactobacillaceae; g__Lactobacillus; s__uncultured_Bacilli	0.7857836905084938
6420eb95726a028a63007089be757061	d__Bacteria; p__Proteobacteria; c__Gammaproteobacteria; o__Oceanospirillales; f__Marinomonadaceae; g__Marinomonas; s__uncultured_Marinomonas	0.980174934565255
a3bc70a89f71f1d0333f4088800b4125	d__Bacteria; p__Firmicutes; c__Bacilli; o__Lactobacillales; f__Streptococcaceae; g__Streptococcus; s__Streptococcus_agalactiae	0.995661088620736
48e6b0189f70b3baf0d6e92a55f78f58	d__Bacteria; p__Firmicutes; c__Bacilli; o__Lactobacillales; f__Enterococcaceae; g__Enterococcus; s__uncultured_bacterium	0.9999983552207281
5b626b75c37925d16baf820eb49e3eee	d__Bacteria; p__Proteobacteria; c__Gammaproteobacteria; o__Enterobacterales; f__Enterobacteriaceae	0.8532705949160344
4eeaa2d2364ad409b60c2e20019edae0	d__Bacteria; p__Firmicutes; c__Bacilli; o__Lactobacillales; f__Lactobacillaceae; g__Pediococcus; s__Lactobacillus_plantarum	0.8756858279611917
3b8c0e91815228b3bcda529cd27c49cd	d__Bacteria; p__Firmicutes; c__Bacilli; o__Staphylococcales; f__Staphylococcaceae; g__Staphylococcus; s__uncultured_bacterium	0.99559452156903
024fc682f6b43533edf6f7741cb4fe89	d__Bacteria; p__Proteobacteria; c__Gammaproteobacteria; o__Enterobacterales	0.9992992346688008
0d12bc6b8044809cafc7093ff23d7b42	d__Bacteria; p__Proteobacteria; c__Gammaproteobacteria; o__Enterobacterales	0.9993107701347874
6c59a41b81cf285a8dbd116738d50bf5	d__Bacteria; p__Firmicutes; c__Bacilli; o__Lactobacillales; f__Lactobacillaceae; g__Lactobacillus	0.8365339952311615
f182691eed411781bd2cbdc8565dbad0	d__Bacteria; p__Firmicutes; c__Bacilli; o__Lactobacillales; f__Lactobacillaceae; g__Lactobacillus; s__uncultured_Bacilli	0.9139901642759226
744f085b6d42dc7b46791ca4c7c396f8	d__Bacteria; p__Proteobacteria; c__Gammaproteobacteria; o__Enterobacterales; f__Enterobacteriaceae	0.9360981375416608
1be2033e732e2dd3ca31c754c019d970	d__Bacteria; p__Firmicutes; c__Bacilli; o__Lactobacillales; f__Streptococcaceae; g__Streptococcus; s__Streptococcus_agalactiae	0.9992795595988081
70698ff09194e5c5313a2409396c3eca	d__Bacteria; p__Firmicutes; c__Bacilli; o__Lactobacillales; f__Lactobacillaceae; g__Lactobacillus; s__uncultured_Bacilli	0.7462124160178343
d120d124bee4821aac3423696624e40c	d__Bacteria; p__Firmicutes; c__Clostridia; o__Clostridiales; f__Clostridiaceae; g__Clostridium_sensu_stricto_1	0.8484112454153572
78c315026d8c87eea707323eb657bd91	d__Bacteria; p__Proteobacteria; c__Gammaproteobacteria	0.9998676093361757
dca875743478edf8551af3a163e0f33e	d__Bacteria; p__Firmicutes; c__Bacilli; o__Lactobacillales; f__Enterococcaceae; g__Enterococcus; s__uncultured_bacterium	0.8227689815454364
d270ad431f58896b6824f126827cff18	d__Bacteria; p__Proteobacteria; c__Gammaproteobacteria; o__Enterobacterales; f__Enterobacteriaceae	0.8575366298234144
ea56f2f0d3d016ff70d0bc1160ca4a87	d__Bacteria; p__Firmicutes; c__Clostridia; o__Clostridiales; f__Clostridiaceae; g__Clostridium_sensu_stricto_1	0.9880656759165048
a60143fb52e16762ca27d36be76f5208	d__Bacteria; p__Firmicutes; c__Clostridia; o__Oscillospirales; f__Oscillospiraceae; g__Colidextribacter; s__uncultured_bacterium	0.9408158292612309
70b4888fe7bc802d262273ca8886dbc7	d__Bacteria; p__Firmicutes; c__Bacilli; o__Lactobacillales; f__Streptococcaceae; g__Streptococcus; s__uncultured_bacterium	0.8115441376552733
d202c27c9dccfbfd0599f0230e867770	d__Bacteria; p__Firmicutes; c__Clostridia; o__Lachnospirales; f__Lachnospiraceae; g__uncultured; s__uncultured_Clostridiales	0.7718827333053961
f4f173622aecc73ca7d1b3dbbb50bf56	d__Bacteria; p__Proteobacteria; c__Gammaproteobacteria; o__Oceanospirillales; f__Marinomonadaceae; g__Marinomonas; s__uncultured_Marinomonas	0.9844561688704945
3842bb76a3ecde89822f91da59f402ce	d__Bacteria; p__Firmicutes; c__Bacilli; o__Lactobacillales; f__Lactobacillaceae; g__Lactobacillus	0.9676701950128116
0b269d68daeb6de1746dd73e72e78833	d__Bacteria; p__Proteobacteria; c__Gammaproteobacteria; o__Enterobacterales; f__Erwiniaceae; g__Pantoea	0.7790439073172956
2861b6661d8ca7cd68794d6ba60c0468	d__Bacteria; p__Proteobacteria; c__Gammaproteobacteria; o__Enterobacterales; f__Enterobacteriaceae	0.8448155034084917
018cc65930f9a2c33bda13b779de61c8	d__Bacteria; p__Proteobacteria; c__Gammaproteobacteria; o__Vibrionales; f__Vibrionaceae; g__Vibrio	0.8512172070265238
f38e55bd811ff940bac7d56cedbdf116	d__Bacteria; p__Firmicutes; c__Bacilli; o__Lactobacillales; f__Lactobacillaceae; g__Lactobacillus; s__uncultured_Bacilli	0.777458508598989
7ac450523a88eed1a98cafdb23e03f8a	d__Bacteria; p__Firmicutes; c__Bacilli; o__Lactobacillales; f__Streptococcaceae; g__Streptococcus	0.9999999881506223
93012396dead25fd5bace92fd52a6636	d__Bacteria; p__Firmicutes; c__Bacilli; o__Staphylococcales; f__Staphylococcaceae; g__Staphylococcus; s__uncultured_bacterium	0.9866168464476137
13e0f1273c4cb107febc04a0d663bbf8	d__Bacteria; p__Firmicutes; c__Clostridia; o__Lachnospirales; f__Lachnospiraceae; g__[Ruminococcus]_torques_group; s__uncultured_bacterium	0.935372420103375
c13e97adabbfb6e448b7305f806c9548	d__Bacteria; p__Proteobacteria; c__Gammaproteobacteria	0.9998571200964914
429f3f8cd73dfbb0d5c32c3c3800ddec	d__Bacteria; p__Firmicutes; c__Bacilli	0.9963691518007435
55a3bd4d89b03452e4a4d914bff6ef72	d__Bacteria; p__Proteobacteria; c__Gammaproteobacteria; o__Enterobacterales	0.9370071804882241
92a5ae2ee46dd3807635aaa29bbceb35	d__Bacteria; p__Firmicutes; c__Bacilli; o__Lactobacillales; f__Streptococcaceae; g__Streptococcus; s__Streptococcus_parauberis	0.9592561421701469
42a021e2f3e00659b2e75663949b69c1	d__Bacteria; p__Firmicutes; c__Bacilli; o__Lactobacillales; f__Lactobacillaceae; g__Lactobacillus	0.7647969059298845
ca69295a415efc186e90531c580d21d8	d__Bacteria; p__Proteobacteria; c__Gammaproteobacteria; o__Enterobacterales; f__Enterobacteriaceae	0.932232203638511
2e7448e02b512a411e2af5e525e9a40a	d__Bacteria; p__Proteobacteria; c__Gammaproteobacteria; o__Enterobacterales; f__Enterobacteriaceae; g__Klebsiella	0.7841780429248993
b8fdd8a2afefa6fc9e653d3366484fdc	d__Bacteria; p__Proteobacteria; c__Gammaproteobacteria; o__Pseudomonadales; f__Moraxellaceae; g__Acinetobacter; s__uncultured_bacterium	0.9743974865895834
76b4743c75603cfaa69f078ebe5b6b14	d__Bacteria; p__Firmicutes; c__Bacilli; o__Lactobacillales	0.9925586650416414
5db9c233b053cf0be20276e3a4a4230c	d__Bacteria; p__Proteobacteria; c__Gammaproteobacteria; o__Enterobacterales; f__Enterobacteriaceae	0.9929959973130249
077535df1a73af4966948d25c25c678d	d__Bacteria; p__Firmicutes; c__Bacilli; o__Lactobacillales; f__Streptococcaceae; g__Streptococcus	0.9999999420983414
5437b057eae69ba924c4f8a7660b031b	d__Bacteria; p__Firmicutes; c__Bacilli; o__Bacillales	0.7023587850191129
310fd504587427d630405716de6cfe65	d__Bacteria; p__Proteobacteria; c__Gammaproteobacteria; o__Pseudomonadales; f__Pseudomonadaceae; g__Pseudomonas; s__Pseudomonas_putida	0.7102562098062662
8b9a587ec5fb25d5699b30823ec09cea	d__Bacteria; p__Proteobacteria; c__Gammaproteobacteria; o__Vibrionales; f__Vibrionaceae; g__Vibrio	0.8599576724669233
ab3123ea843c3f9da3c8a87fe050f0ae	d__Bacteria; p__Proteobacteria; c__Gammaproteobacteria; o__Enterobacterales	0.9999737974424355
0cca22f3d80b076da01fcbf3074b8a48	d__Bacteria; p__Proteobacteria; c__Gammaproteobacteria; o__Oceanospirillales; f__Marinomonadaceae; g__Marinomonas; s__uncultured_Marinomonas	0.8278529824165058
80ffa67767518fd2149630ff9f1fcd16	d__Bacteria; p__Firmicutes; c__Bacilli; o__Lactobacillales	0.999956176816635
ca063e22e6284024eb57e0b28a18ab17	d__Bacteria; p__Proteobacteria; c__Gammaproteobacteria	0.987285151531731
d9e2a127f46d3340422c3d032e32ea69	d__Bacteria; p__Proteobacteria; c__Gammaproteobacteria; o__Enterobacterales; f__Yersiniaceae; g__Serratia	0.7983327539197678
68d3f5676f0f1043bfb7e88fef44186c	d__Bacteria; p__Firmicutes; c__Bacilli; o__Lactobacillales; f__Lactobacillaceae; g__Lactobacillus; s__uncultured_Bacilli	0.7530087408283787
a6ec25515f59c13190d3660e068a37c6	d__Bacteria; p__Firmicutes; c__Bacilli; o__Lactobacillales; f__Enterococcaceae; g__Enterococcus; s__uncultured_bacterium	0.9402218890299964
8f388830eda8abd8eab6c0fbc498186f	d__Bacteria; p__Firmicutes; c__Bacilli; o__Lactobacillales; f__Lactobacillaceae; g__Lactobacillus	0.9996942300179211
893a2c472bcaaa5cc82ec480ffe57c29	d__Bacteria; p__Firmicutes; c__Bacilli; o__Lactobacillales; f__Streptococcaceae; g__Streptococcus; s__Streptococcus_agalactiae	0.9999113959196062
4d2d170cde319b8f0ff34861e28fda6f	d__Bacteria; p__Firmicutes; c__Bacilli; o__Lactobacillales; f__Enterococcaceae; g__Enterococcus; s__uncultured_bacterium	0.8449268929866413
8fa59aae67bc125fd1a8d64e5e624fe6	d__Bacteria; p__Firmicutes; c__Bacilli; o__Lactobacillales; f__Lactobacillaceae; g__Lactobacillus	0.988817876907846
c98c60230c16da41390bdee21a9808e9	d__Bacteria; p__Bacteroidota; c__Bacteroidia; o__Flavobacteriales; f__Weeksellaceae; g__Chryseobacterium; s__Chryseobacterium_sp.	0.9999868021764734
073898e6efe0f231978b6c06f8cddd99	d__Bacteria; p__Proteobacteria; c__Gammaproteobacteria; o__Enterobacterales; f__Yersiniaceae; g__Serratia	0.8874857858648147
8150e0fc9d86b38bb32823d937416eb0	d__Bacteria; p__Firmicutes; c__Bacilli; o__Lactobacillales; f__Aerococcaceae; g__Aerococcus; s__Aerococcus_urinaeequi	0.9837520533731795
1803cf6af22342d56f155f6194856bd6	d__Bacteria; p__Firmicutes; c__Bacilli; o__Lactobacillales; f__Aerococcaceae; g__Aerococcus; s__Aerococcus_urinaeequi	0.9848091136674414
2ff4df97553a89dd657f4f28152e987f	d__Bacteria; p__Firmicutes; c__Bacilli; o__Lactobacillales; f__Lactobacillaceae; g__Lactobacillus	0.9985714066167184
02e78a776193779c1087af874316e194	d__Bacteria; p__Proteobacteria; c__Gammaproteobacteria; o__Enterobacterales; f__Erwiniaceae; g__Pantoea	0.821870352918534
346093f96aad1b994f2f950750f4571e	d__Bacteria; p__Proteobacteria; c__Alphaproteobacteria; o__Rhizobiales; f__Hyphomicrobiaceae; g__Hyphomicrobium; s__uncultured_bacterium	0.978759852505446
b3069dd20511dc9fd1c3106a7aed6c52	d__Bacteria; p__Firmicutes; c__Clostridia; o__Oscillospirales	0.7086807838592463
d359831ffa595f0647ffaef83a9dffd6	d__Bacteria; p__Actinobacteriota; c__Actinobacteria; o__Streptomycetales; f__Streptomycetaceae; g__Streptomyces; s__Actinomyces_sp.	0.7819120790214692
5be667e1e644861223fee0456b0b4e24	d__Bacteria; p__Firmicutes; c__Bacilli; o__Lactobacillales; f__Lactobacillaceae; g__Lactobacillus; s__Lactobacillus_nagelii	0.9548982648671877
8da0665a852a1bd4606157df157a36cb	d__Bacteria; p__Bacteroidota; c__Bacteroidia; o__Bacteroidales; f__Bacteroidaceae; g__Bacteroides; s__uncultured_organism	0.895973398215465
02af364d2033f946d883ed5b10a41df8	d__Bacteria; p__Firmicutes; c__Bacilli; o__Lactobacillales	0.9921105439478415
e2d3b8d596f514f7ceb9c3d5682ab28f	d__Bacteria; p__Firmicutes; c__Bacilli; o__Lactobacillales; f__Lactobacillaceae	0.9975121585064464
f6e08f0f5a6db95c167d6df0fa6d7dcd	d__Bacteria; p__Proteobacteria; c__Gammaproteobacteria; o__Vibrionales; f__Vibrionaceae; g__Vibrio	0.8577023615947462
a11d4ab75605c451ae5a9c6dd6572b88	d__Bacteria; p__Firmicutes; c__Clostridia; o__Oscillospirales; f__Ruminococcaceae; g__[Eubacterium]_siraeum_group; s__[Eubacterium]_siraeum	0.8117011578897019
d67638111d62bf15cdb7bf2cde8a9e23	d__Bacteria; p__Bacteroidota; c__Bacteroidia; o__Bacteroidales; f__Bacteroidaceae; g__Bacteroides; s__uncultured_organism	0.9730136056262143
77f4c2d81cf7719758ea4f47a5e70bbf	d__Bacteria; p__Proteobacteria; c__Gammaproteobacteria; o__Enterobacterales; f__Yersiniaceae; g__Serratia; s__uncultured_Rahnella	0.7922682982067449
5ed8e8404a616401f70bf8999e19061a	d__Bacteria; p__Firmicutes; c__Bacilli; o__Lactobacillales	0.9918816670637146
aae5f785e6d7cf6ce591e8b2834eac91	d__Bacteria; p__Firmicutes; c__Bacilli; o__Lactobacillales; f__Leuconostocaceae; g__Fructobacillus; s__Fructobacillus_sp.	0.7974298024011925
2833b3afd176b1aceae72d1c723ff4fc	d__Bacteria; p__Proteobacteria; c__Gammaproteobacteria; o__Burkholderiales; f__Burkholderiaceae; g__Burkholderia-Caballeronia-Paraburkholderia; s__uncultured_Burkholderia	0.936050191801071
85c0248c757bc7e3938d4ebb5b232db4	d__Bacteria; p__Actinobacteriota; c__Actinobacteria; o__Streptomycetales; f__Streptomycetaceae; g__Streptomyces; s__Actinomyces_sp.	0.750555533292361
1f2a0bd872c1d7f1a3e1c599f30d430c	d__Bacteria; p__Proteobacteria; c__Alphaproteobacteria; o__Acetobacterales; f__Acetobacteraceae; g__uncultured; s__uncultured_Alphaproteobacteria	0.9978562284400119
5fa5870d3e685622bf1c3aa57e176afd	d__Bacteria; p__Proteobacteria; c__Gammaproteobacteria; o__Vibrionales; f__Vibrionaceae; g__Vibrio	0.8841197930930544
e9a68e1b76f24521c9e653a8b8a113f4	d__Bacteria; p__Firmicutes; c__Bacilli; o__Lactobacillales; f__Lactobacillaceae; g__Lactobacillus; s__uncultured_Bacilli	0.8132752403438733
ce691db0cce1fd2791d883fae1961e7b	d__Bacteria; p__Proteobacteria; c__Gammaproteobacteria	0.9996752019000354
21ded9f66a8058c0347d92da9fba7d7b	d__Bacteria; p__Firmicutes; c__Bacilli; o__Lactobacillales; f__Leuconostocaceae; g__Fructobacillus; s__Fructobacillus_sp.	0.7976110910409919
0b7e05ef3a66d7b03d59be872668400e	d__Bacteria; p__Proteobacteria; c__Gammaproteobacteria; o__Oceanospirillales; f__Marinomonadaceae; g__Marinomonas; s__uncultured_Marinomonas	0.9195326588362949
ec04400b21bb60aedea845b28de4eeef	d__Bacteria; p__Firmicutes; c__Bacilli; o__Lactobacillales; f__Lactobacillaceae; g__Lactobacillus; s__Lactobacillus_nagelii	0.9684392210204505
05a8f90b83b814c44fecadf9f992342d	d__Bacteria; p__Firmicutes; c__Clostridia; o__Lachnospirales; f__Lachnospiraceae	0.9990915189686288
30cdb98ed1916ad8f77f2078db15b363	d__Bacteria; p__Acidobacteriota; c__Acidobacteriae; o__Acidobacteriales; f__Acidobacteriaceae_(Subgroup_1); g__uncultured; s__uncultured_bacterium	0.9867821645892246
5fc4f053388cf324db8a335da421ecb4	d__Bacteria; p__Firmicutes; c__Bacilli; o__Paenibacillales; f__Paenibacillaceae; g__Paenibacillus	0.9982220749729551
efb9b511a072a6d008ba0f9027f73f2f	d__Bacteria; p__Proteobacteria; c__Gammaproteobacteria	0.982267304324472
4634cbe6003cceb2d21e56c781787345	d__Bacteria; p__Firmicutes; c__Bacilli; o__Lactobacillales; f__Lactobacillaceae; g__Pediococcus	0.9999345549047766
c6fbf4f1d60ce964103f8db222801691	d__Bacteria; p__Actinobacteriota; c__Actinobacteria; o__Streptomycetales; f__Streptomycetaceae; g__Streptomyces	0.865386100159705
352f47e473d3fe7597403340313433bc	d__Bacteria; p__Proteobacteria; c__Gammaproteobacteria; o__Enterobacterales; f__Enterobacteriaceae	0.7182192231667163
bde6d1cdf0e520f262b5d83c6c08907d	d__Bacteria; p__Proteobacteria; c__Gammaproteobacteria; o__Pseudomonadales; f__Moraxellaceae; g__Acinetobacter; s__uncultured_bacterium	0.8757710555973564
53db14a0977ee0a41007826952c403af	d__Bacteria; p__Firmicutes; c__Bacilli; o__Lactobacillales; f__Enterococcaceae; g__Enterococcus; s__uncultured_bacterium	0.9317781834270521
7c35a3a6b9de4665848f212af2830054	d__Bacteria; p__Proteobacteria; c__Gammaproteobacteria; o__Alteromonadales; f__Shewanellaceae; g__Shewanella; s__Shewanella_xiamenensis	0.7363870098010094
50f204eb580ce7d0b386c7214cce0689	d__Bacteria; p__Proteobacteria; c__Gammaproteobacteria; o__Enterobacterales	0.9991163264839699
527e6d35029c23c6da72be2933e05146	d__Bacteria; p__Firmicutes; c__Bacilli; o__Lactobacillales; f__Lactobacillaceae; g__Lactobacillus; s__Lactobacillus_nagelii	0.8797551861765068
1d947a4318342c6441f96a5ae9a071bc	d__Bacteria; p__Firmicutes; c__Bacilli; o__Lactobacillales; f__Lactobacillaceae; g__Lactobacillus; s__Lactobacillus_nagelii	0.9885084180410225
deb9f2ec1c7e924752fd540f5c72f067	d__Bacteria; p__Bacteroidota; c__Bacteroidia; o__Flavobacteriales; f__Weeksellaceae; g__Chryseobacterium; s__Chryseobacterium_sp.	0.9997895182041879
5e88c41e37e01adfffd62d1fb408aee9	d__Bacteria; p__Actinobacteriota; c__Actinobacteria; o__Bifidobacteriales; f__Bifidobacteriaceae; g__Bifidobacterium; s__Bifidobacterium_minimum	0.998392612028412
03b58db569d9019ec6a7ecbc950fd76f	d__Bacteria; p__Proteobacteria; c__Gammaproteobacteria; o__Pseudomonadales; f__Pseudomonadaceae; g__Pseudomonas; s__uncultured_bacterium	0.7726136436296911
37c1b4170557e839516805958c99ba0d	d__Bacteria; p__Firmicutes; c__Bacilli; o__Bacillales; f__Bacillaceae; g__Bacillus; s__Bacillus_cereus	0.8565044431143377
fa685562b9c46ed04f528d104579a55f	d__Bacteria; p__Proteobacteria; c__Alphaproteobacteria; o__Sphingomonadales; f__Sphingomonadaceae	0.9999994254780206
f518e8400e6ff70ef9cebf91c2824230	d__Bacteria; p__Firmicutes; c__Bacilli; o__Lactobacillales; f__Lactobacillaceae; g__Lactobacillus	0.9751562011953673
64ba734d90b83f46c705ea8c0140fd2a	d__Bacteria; p__Proteobacteria; c__Gammaproteobacteria; o__Enterobacterales; f__Enterobacteriaceae; g__Escherichia-Shigella	0.8720922808628008
21e03cac493f61ae6656cf87c4bfcc66	d__Bacteria; p__Firmicutes; c__Bacilli; o__Lactobacillales; f__Streptococcaceae; g__Streptococcus; s__uncultured_bacterium	0.8719579417625305
307aa4132be0da9178ee3532f4333352	d__Bacteria; p__Proteobacteria; c__Gammaproteobacteria; o__Burkholderiales	0.9989854276566611
617f161ec6a258b2e0c03ede94b4b339	d__Bacteria; p__Firmicutes; c__Bacilli; o__Lactobacillales; f__Streptococcaceae; g__Streptococcus	0.9999999145845815
54743d8c9db6b224af9968de03fb7fdd	d__Bacteria; p__Firmicutes; c__Bacilli; o__Lactobacillales; f__Lactobacillaceae; g__Lactobacillus	0.9999365206469294
aa09a82786d771213756246fe7e2c91a	d__Bacteria; p__Bacteroidota; c__Bacteroidia; o__Bacteroidales; f__Prevotellaceae; g__Prevotellaceae_UCG-003; s__uncultured_Bacteroidales	0.7699450501948243
202642cde3f784e9a415c9cf2be4d458	d__Bacteria; p__Proteobacteria; c__Alphaproteobacteria; o__Rhizobiales; f__Hyphomicrobiaceae; g__Hyphomicrobium; s__uncultured_bacterium	0.9661178694478624
b96eb085d112443fd57d096762ef9a39	d__Bacteria; p__Proteobacteria; c__Gammaproteobacteria; o__Enterobacterales	0.8284912919486281
b501391156d1f42265ff6db6b1c0e139	d__Bacteria; p__Firmicutes; c__Bacilli; o__Lactobacillales; f__Lactobacillaceae; g__Lactobacillus; s__Lactobacillus_hilgardii	0.8451889988683061
ba9a1baa2839f1b223eafb815ca01130	d__Bacteria; p__Proteobacteria; c__Gammaproteobacteria	0.9999975304037932
44c14c39c9812f19eeb03e14dc31f022	d__Bacteria; p__Proteobacteria; c__Gammaproteobacteria; o__Burkholderiales; f__Burkholderiaceae; g__Burkholderia-Caballeronia-Paraburkholderia	0.7044151424054699
157cc61f6d74ff0d986c8d8c63958d2e	d__Bacteria; p__Firmicutes; c__Bacilli; o__Lactobacillales; f__Lactobacillaceae; g__Lactobacillus	0.965993687574981
101c921fb1885c1e2ceccb3396c695b6	d__Bacteria; p__Bacteroidota; c__Bacteroidia; o__Bacteroidales; f__Bacteroidaceae; g__Bacteroides; s__uncultured_organism	0.9991950159736792
5c180778455167b54aeaa0b4878ca666	d__Bacteria; p__Firmicutes; c__Bacilli; o__Lactobacillales; f__Aerococcaceae; g__Aerococcus; s__Aerococcus_urinaeequi	0.986516194572029
fa0297443ebcf79ef6fbdca9a9876b4a	d__Bacteria; p__Firmicutes; c__Bacilli; o__Lactobacillales; f__Streptococcaceae; g__Streptococcus	0.9999999920259057
ef867a56695f8f40df07bb96222421f6	d__Bacteria; p__Proteobacteria; c__Gammaproteobacteria	0.9999984000372879
8670374901dd5bfdbc7b1669fb3e0dfb	d__Bacteria; p__Proteobacteria; c__Gammaproteobacteria; o__Enterobacterales; f__Enterobacteriaceae	0.952060658183351
769db7ed59da2849ea469d0dd5711824	d__Bacteria; p__Firmicutes; c__Bacilli; o__Lactobacillales; f__Lactobacillaceae; g__Lactobacillus	0.9990988227810679
6a87b8e312500a7ac755c45b0908f36b	d__Bacteria; p__Proteobacteria; c__Gammaproteobacteria; o__Enterobacterales; f__Yersiniaceae	0.9208556324819592
067353693d7864116a764d47b4d0118d	d__Bacteria; p__Firmicutes; c__Clostridia; o__Lachnospirales; f__Lachnospiraceae; g__[Ruminococcus]_torques_group; s__uncultured_bacterium	0.953411970607428
a29b3e561650b9bbf5a991fc24b5e093	d__Bacteria; p__Firmicutes; c__Bacilli; o__Lactobacillales	0.9999352360408156
4d0536ff8035d79baf49181061fdbdce	d__Bacteria; p__Proteobacteria; c__Alphaproteobacteria; o__Acetobacterales; f__Acetobacteraceae; g__uncultured; s__uncultured_Alphaproteobacteria	0.9880482699506197
b49bec858f97292a450c644188d2e847	d__Bacteria; p__Proteobacteria; c__Gammaproteobacteria; o__Pseudomonadales; f__Pseudomonadaceae; g__Pseudomonas; s__Pseudomonas_putida	0.9050540143010274
323a48b5cf9d495663dd68ede2ef335d	d__Bacteria; p__Firmicutes; c__Bacilli; o__Lactobacillales; f__Lactobacillaceae; g__Lactobacillus; s__Lactobacillus_paracasei	0.9476530683957386
e9d09dfdb2a18820950c1da6f3719cf7	d__Bacteria; p__Firmicutes; c__Bacilli; o__Lactobacillales; f__Streptococcaceae; g__Streptococcus; s__Streptococcus_agalactiae	0.9998975175727526
3ce8e0ba8a8c073a44ab8dc0fdd245bb	d__Bacteria; p__Firmicutes; c__Bacilli; o__Staphylococcales; f__Staphylococcaceae; g__Staphylococcus; s__uncultured_bacterium	0.9996405091685736
23871126991fe992e34c37a5c51019e1	d__Bacteria; p__Proteobacteria; c__Gammaproteobacteria; o__Pseudomonadales; f__Moraxellaceae; g__Psychrobacter; s__uncultured_bacterium	0.9551878690868175
7545ed51516d6c46f5be1ca7024273e0	d__Bacteria; p__Proteobacteria; c__Alphaproteobacteria; o__Sphingomonadales; f__Sphingomonadaceae	0.9999091592345839
647436f1e43fa3733a02174ab792f2be	d__Bacteria; p__Firmicutes; c__Clostridia; o__Lachnospirales; f__Lachnospiraceae	0.9999842002516592
e4fd1e8a1eb7017c11c80892ed374839	d__Bacteria; p__Firmicutes; c__Clostridia; o__Lachnospirales; f__Lachnospiraceae; g__[Ruminococcus]_torques_group; s__uncultured_bacterium	0.9422362870682351
1f6c5fdef80429981bbebb568947e136	d__Bacteria; p__Bacteroidota; c__Bacteroidia; o__Bacteroidales; f__Bacteroidaceae; g__Bacteroides; s__uncultured_organism	0.9997142339309073
965d8a25c2bd9cff9711adbe607da6bd	d__Bacteria; p__Firmicutes; c__Clostridia; o__Lachnospirales; f__Lachnospiraceae	0.9998237004102288
9d3454853b155944bbaf910da77cb6c1	d__Bacteria; p__Proteobacteria; c__Gammaproteobacteria; o__Enterobacterales; f__Enterobacteriaceae; g__Escherichia-Shigella	0.9417518958026555
fe0a39ccc5bcf7395908b6e67ae28f5a	d__Bacteria; p__Firmicutes; c__Bacilli; o__Lactobacillales; f__Lactobacillaceae; g__Lactobacillus; s__Lactobacillus_nagelii	0.9496436654954162
c3b1b76194b6bb63e6f6e542d916edb4	d__Bacteria; p__Firmicutes; c__Bacilli; o__Staphylococcales; f__Staphylococcaceae; g__Staphylococcus; s__uncultured_bacterium	0.9921110397721289
fd73b759e228b1cd27923683bb870c1d	d__Bacteria; p__Proteobacteria; c__Gammaproteobacteria; o__Enterobacterales	0.9999622518592425
1bc76e6d97cacac0e25c2605f799846f	d__Bacteria; p__Firmicutes; c__Bacilli; o__Lactobacillales; f__Streptococcaceae; g__Streptococcus	0.9346831513767362
b6550ba4f39d4651e49cfe9f604be878	d__Bacteria; p__Firmicutes; c__Clostridia; o__Lachnospirales; f__Lachnospiraceae	0.9999921146069397
e2e53235f15db4f8f27ad0ae2d502db5	d__Bacteria; p__Firmicutes; c__Bacilli; o__Lactobacillales; f__Streptococcaceae; g__Streptococcus	0.976562000821796
783c51bf4f82039d3a7a8521027de919	d__Bacteria; p__Actinobacteriota; c__Actinobacteria	0.9999997860874482
2165012fd88a9133e4f15bf09bbb8d16	d__Bacteria; p__Firmicutes; c__Bacilli; o__Lactobacillales; f__Lactobacillaceae; g__Lactobacillus; s__Lactobacillus_nagelii	0.9896426437837024
f85f1c7845dd6111028fa404769a9dc3	d__Bacteria; p__Proteobacteria; c__Gammaproteobacteria; o__Enterobacterales; f__Yersiniaceae; g__Serratia	0.789940062908628
8f741b976e01fdd50c82c3e87761847b	d__Bacteria; p__Actinobacteriota; c__Actinobacteria	0.9948899512045394
af12bda50c79bb59694209ab7fd470e2	d__Bacteria; p__Firmicutes; c__Bacilli; o__Lactobacillales; f__Lactobacillaceae; g__Lactobacillus; s__Lactobacillus_paracasei	0.9702640887909602
13e5df180944e709dbed78ecfa3a8d3e	d__Bacteria; p__Bacteroidota; c__Bacteroidia; o__Bacteroidales; f__CR-115; g__CR-115; s__uncultured_bacterium	0.9940752723078069
8ab8b5c29c3f8b0d7dd119ab2c2dc606	d__Bacteria; p__Firmicutes; c__Clostridia; o__Clostridiales; f__Clostridiaceae; g__Clostridium_sensu_stricto_1; s__uncultured_organism	0.9999988424809791
ab44e7d39407ed008e3e0c1dc9da25e8	d__Bacteria; p__Bacteroidota; c__Bacteroidia; o__Bacteroidales; f__Bacteroidaceae; g__Bacteroides; s__uncultured_organism	0.9982240712772544
3daccbd1d391042cefdf8440c41c8148	d__Bacteria; p__Proteobacteria; c__Gammaproteobacteria	0.9887863077555679
8f8160b22d3a20f301f0d21a3ee34fef	d__Bacteria; p__Firmicutes; c__Bacilli; o__Staphylococcales; f__Staphylococcaceae; g__Staphylococcus; s__uncultured_bacterium	0.9958831625285661
2c76daf888b9c4c9dfc492de0cdbcc6e	d__Bacteria; p__Firmicutes; c__Bacilli; o__Lactobacillales; f__Streptococcaceae; g__Streptococcus; s__uncultured_bacterium	0.7052136016109162
663036b5dabaaa7317249c3c501b7688	d__Bacteria; p__Firmicutes; c__Bacilli; o__Lactobacillales; f__Lactobacillaceae; g__Lactobacillus	0.9998800059666323
2ddeb181a2750717d8b2e47938d89f2c	d__Bacteria; p__Firmicutes; c__Bacilli; o__Lactobacillales; f__Aerococcaceae; g__Aerococcus; s__Aerococcus_urinaeequi	0.9832980864947938
1a5351411e9e707f13726757bb9c175c	d__Bacteria; p__Bacteroidota; c__Bacteroidia; o__Bacteroidales; f__Paludibacteraceae; g__uncultured	0.7924700406584605
cbffd1ed8e2c34427cf7c63666588720	d__Bacteria; p__Proteobacteria; c__Gammaproteobacteria; o__Pseudomonadales; f__Moraxellaceae; g__Acinetobacter; s__uncultured_bacterium	0.7737785134319664
2e33f0b6402c67b58fdc0ade35c2940d	d__Bacteria; p__Firmicutes; c__Bacilli; o__Lactobacillales; f__Streptococcaceae; g__Streptococcus	0.9999999488014085
91c90b580db54370758d5d943eb09844	d__Bacteria; p__Firmicutes; c__Bacilli; o__Lactobacillales; f__Lactobacillaceae; g__Lactobacillus	0.8854684424089299
ed9b291e73ae733af3ab6ff09862e5c4	d__Bacteria; p__Proteobacteria; c__Gammaproteobacteria; o__Enterobacterales; f__Yersiniaceae	0.9226289994196206
1c0a8add5f577d95a4ea72276af15b52	d__Bacteria; p__Firmicutes; c__Bacilli; o__Lactobacillales; f__Streptococcaceae; g__Streptococcus; s__Streptococcus_agalactiae	0.9999562760338694
c98ef626c100ccd9fb58ac711470580a	d__Bacteria; p__Firmicutes; c__Bacilli; o__Lactobacillales	0.9967243340206059
ff36ce8bfa400de1e0c58fef8e0bb154	d__Bacteria; p__Proteobacteria; c__Gammaproteobacteria; o__Enterobacterales	0.9349458611882515
7455541ed6b955722f5a84e6d9a35a9c	d__Bacteria; p__Firmicutes; c__Bacilli; o__Lactobacillales; f__Lactobacillaceae; g__Lactobacillus	0.9998567894451647
cdcd6a3cc01b700926202aacb63d28d5	d__Bacteria; p__Firmicutes; c__Bacilli; o__Lactobacillales; f__Lactobacillaceae; g__Lactobacillus; s__Lactobacillus_nagelii	0.9951299285140716
a1003c2bcaf2ac48a6705148b39df13d	d__Bacteria; p__Firmicutes; c__Bacilli; o__Lactobacillales; f__Enterococcaceae; g__Enterococcus; s__uncultured_bacterium	0.86920468280869
8d8f5044295e54d3cde97a6fc07e6cce	d__Bacteria; p__Bacteroidota; c__Bacteroidia; o__Flavobacteriales; f__Weeksellaceae; g__Chryseobacterium; s__Chryseobacterium_sp.	0.9995461204728956
7607de9558070b799d0f7201468fe4ba	d__Bacteria; p__Proteobacteria; c__Gammaproteobacteria; o__Pseudomonadales; f__Moraxellaceae; g__Acinetobacter; s__uncultured_bacterium	0.9079956039578622
1e72d2ff97d8387fbfaa5fefa67afc38	d__Bacteria; p__Firmicutes; c__Clostridia; o__Clostridiales; f__Clostridiaceae; g__Clostridium_sensu_stricto_1; s__uncultured_bacterium	0.8565923300777486
8d6d68225f9e08a80a681a6e816f1ed8	d__Bacteria; p__Firmicutes; c__Bacilli; o__Lactobacillales; f__Lactobacillaceae; g__Lactobacillus	0.9979130663052088
64e8bd04c4b6d40e6672434f432d23cd	d__Bacteria; p__Firmicutes; c__Bacilli; o__Lactobacillales; f__Lactobacillaceae; g__Lactobacillus	0.9214391425168839
482e037650487c499d20c92d5585f4bd	d__Bacteria; p__Firmicutes; c__Bacilli; o__Lactobacillales; f__Lactobacillaceae	0.9999113227762513
e1bc8b96904cd0c698da262a3b0d9908	d__Bacteria; p__Proteobacteria; c__Gammaproteobacteria; o__Pseudomonadales; f__Moraxellaceae; g__Acinetobacter; s__uncultured_bacterium	0.9904196126853927
31b4414d84c675000ebb2bdcf1a094ee	d__Bacteria; p__Proteobacteria; c__Gammaproteobacteria; o__Pseudomonadales; f__Moraxellaceae; g__Acinetobacter; s__uncultured_bacterium	0.9991782761410787
a77a8e196236dfb814703b691d491150	d__Bacteria; p__Firmicutes; c__Bacilli; o__Lactobacillales; f__Lactobacillaceae; g__Lactobacillus	0.9898073612494367
2e777d6706de638960e0bc1410a4ce02	d__Bacteria; p__Proteobacteria; c__Gammaproteobacteria; o__Pseudomonadales; f__Pseudomonadaceae; g__Pseudomonas	0.9998607520759549
abd4c569ffbac7513de62cf293a474e8	d__Bacteria; p__Firmicutes; c__Bacilli; o__Lactobacillales	0.9993035082387198
f51b085301066c69d1ce635482300ace	d__Bacteria; p__Proteobacteria; c__Gammaproteobacteria; o__Pseudomonadales; f__Moraxellaceae; g__Acinetobacter; s__uncultured_bacterium	0.8926159727148302
0f51c00886c35f2115905e3ee0dc7d9a	d__Bacteria; p__Bacteroidota; c__Bacteroidia; o__Bacteroidales; f__Bacteroidaceae; g__Bacteroides; s__uncultured_organism	0.9972371530676354
bba29f5787d30ce822a9122de54955f2	d__Bacteria; p__Firmicutes; c__Bacilli; o__Lactobacillales; f__Streptococcaceae; g__Streptococcus	0.9999999681240922
9be7cca95d1b844d12714ca39bd19624	d__Bacteria; p__Firmicutes; c__Bacilli; o__Lactobacillales; f__Lactobacillaceae; g__Lactobacillus	0.9990921871055061
c5ebd4d4485f0e8ad3f0d039cc76259a	d__Bacteria; p__Proteobacteria; c__Gammaproteobacteria; o__Pseudomonadales; f__Pseudomonadaceae; g__Pseudomonas; s__Pseudomonas_putida	0.8911455181435466
ab08ca326f140ed30f9b211f8124ec2f	d__Bacteria; p__Actinobacteriota; c__Actinobacteria	0.9967095296552271
8e5fa81904ed85c692d76c2dd52a522c	d__Bacteria; p__Firmicutes; c__Bacilli; o__Lactobacillales; f__Streptococcaceae; g__Streptococcus	0.9999551787273382
5e7b2d89b3e58d5a45d1d095fd890897	d__Bacteria; p__Proteobacteria; c__Gammaproteobacteria; o__Enterobacterales; f__Enterobacteriaceae; g__Escherichia-Shigella	0.8027663295978561
e8a5b4fb34a800010da0287094c1003d	d__Bacteria; p__Firmicutes; c__Clostridia; o__Oscillospirales	0.9990114217729739
c997b6e1fa4dfd7e4f08db499db77c37	d__Bacteria; p__Proteobacteria; c__Gammaproteobacteria; o__Burkholderiales; f__Burkholderiaceae; g__Burkholderia-Caballeronia-Paraburkholderia	0.7349176017813799
6ba697432336147191f840d32dcec133	d__Bacteria; p__Firmicutes; c__Bacilli; o__Lactobacillales	0.9887326213423571
e2eefe079767c967f92ea80a8b7d572e	d__Bacteria; p__Firmicutes; c__Bacilli; o__Lactobacillales; f__Streptococcaceae; g__Streptococcus	0.997594820042708
8106428dc4602dd5bbc9db1b61edf90a	d__Bacteria; p__Firmicutes; c__Clostridia; o__Oscillospirales; f__UCG-010; g__UCG-010; s__uncultured_bacterium	0.9999798483619765
05817147c54140205f42530af3f6ca9b	d__Bacteria; p__Firmicutes; c__Clostridia; o__Oscillospirales; f__Oscillospiraceae; g__Colidextribacter; s__uncultured_bacterium	0.9994660836291734
4d4ed0642d6f7fe59d89bdbf3ba0aa0e	d__Bacteria; p__Firmicutes; c__Bacilli; o__Lactobacillales	0.9999205994062067
e04297040a024966abcc5ec9a5102a25	d__Bacteria; p__Firmicutes; c__Bacilli; o__Lactobacillales; f__Lactobacillaceae; g__Lactobacillus	0.999872617838181
8dd173fb6c24e1a2563ce225b8c8f515	d__Bacteria; p__Fusobacteriota; c__Fusobacteriia; o__Fusobacteriales; f__Fusobacteriaceae; g__Cetobacterium; s__uncultured_bacterium	0.9901047181462822
54cb26c4a6802944ae46e8db1c04909e	d__Bacteria; p__Proteobacteria; c__Gammaproteobacteria; o__Burkholderiales; f__Comamonadaceae; g__Rhodoferax	0.9288246733849865
b43a71115341d7f25f469323cf8eb774	d__Bacteria; p__Proteobacteria; c__Gammaproteobacteria; o__Enterobacterales; f__Enterobacteriaceae; g__Citrobacter	0.7025315216542862
f762608efa985147e51079a79404ccab	d__Bacteria; p__Proteobacteria; c__Gammaproteobacteria; o__Enterobacterales	0.9887668838033313
bc4bd5933ec2a8aa434467020ab3089b	d__Bacteria; p__Firmicutes; c__Bacilli; o__Lactobacillales; f__Lactobacillaceae	0.7397228044348971
13bf02ff6a1641b90666e9f8b62c982d	d__Bacteria; p__Proteobacteria; c__Alphaproteobacteria; o__Acetobacterales; f__Acetobacteraceae; g__uncultured; s__uncultured_Alphaproteobacteria	0.8032304633654165
5a7a7e52aca2e8687638c91005a35ec1	d__Bacteria; p__Firmicutes; c__Bacilli; o__Lactobacillales; f__Streptococcaceae; g__Streptococcus; s__uncultured_bacterium	0.886638730037584
16d851fde6ca1abd1d30e8a03a1d9906	d__Bacteria; p__Proteobacteria; c__Gammaproteobacteria	0.9980116457801581
9e75279bca6516e8e81dcdce03466aa7	d__Bacteria; p__Firmicutes; c__Bacilli; o__Lactobacillales; f__Enterococcaceae; g__Enterococcus; s__uncultured_bacterium	0.9067530516120136
9c928f3a777146f9e7981b5ca10612f7	d__Bacteria; p__Firmicutes; c__Clostridia; o__Lachnospirales; f__Lachnospiraceae	0.999987793700369
5a8dc361fc65fe3fb89f6e0ff8ee71b0	d__Bacteria; p__Firmicutes; c__Clostridia; o__Oscillospirales; f__Oscillospiraceae; g__Colidextribacter; s__uncultured_bacterium	0.9994205686933626
5e4333bb0de7712a408d543b6945455f	d__Bacteria; p__Firmicutes; c__Bacilli; o__Lactobacillales; f__Lactobacillaceae; g__Lactobacillus; s__uncultured_Bacilli	0.8351785954220031
5bde5ba2b3daa305a5c6fca294b57832	d__Bacteria; p__Firmicutes	0.9831900578031973
417e250756f62dcca93833d0da74d98d	d__Bacteria; p__Firmicutes; c__Bacilli; o__Lactobacillales	0.9777570688534951
e6eef3ad5418f7a3ee01b0b2dff42a00	d__Bacteria; p__Firmicutes; c__Bacilli; o__Lactobacillales; f__Lactobacillaceae	0.9990716328877639
86377de1047373a0c1f5c00e69fba574	d__Bacteria; p__Firmicutes; c__Bacilli; o__Lactobacillales; f__Lactobacillaceae; g__Lactobacillus	0.7113471357385169
cdde4f1cf073794251ba5ac1113c6521	d__Bacteria; p__Firmicutes; c__Bacilli; o__Lactobacillales; f__Lactobacillaceae; g__Lactobacillus; s__Lactobacillus_salivarius	0.7713471472891861
3311f20d8613ce74090ab87086af5202	d__Bacteria; p__Proteobacteria; c__Gammaproteobacteria; o__Aeromonadales; f__Aeromonadaceae; g__Aeromonas; s__uncultured_bacterium	0.8746903095964301
0265cd09ddcf6ca09314714f2f6ba461	d__Bacteria; p__Firmicutes; c__Bacilli; o__Staphylococcales; f__Staphylococcaceae; g__Staphylococcus; s__uncultured_bacterium	0.9974542869557498
b449ec6292a39d3574a0e1703d39e792	d__Bacteria; p__Firmicutes; c__Bacilli; o__Lactobacillales; f__Lactobacillaceae; g__Pediococcus	0.8634213744517311
3de4b26261ac68ea24ef4215205ec081	d__Bacteria; p__Proteobacteria; c__Gammaproteobacteria; o__Enterobacterales	0.9999555279609749
1574f9ca947cb48cc6db81dce52e6410	d__Bacteria; p__Bacteroidota; c__Bacteroidia; o__Bacteroidales; f__Bacteroidaceae; g__Bacteroides; s__uncultured_organism	0.9985906091855726
11f65d47d4ee5ba5b386e2af097ed3ed	d__Bacteria; p__Firmicutes; c__Bacilli; o__Staphylococcales; f__Staphylococcaceae; g__Staphylococcus; s__uncultured_bacterium	0.97517200384533
e21d03bb3ff06f6f2f15d05b5ce20bd2	d__Bacteria; p__Firmicutes; c__Bacilli; o__Lactobacillales; f__Lactobacillaceae	0.8718649058313768
ae678a194a3d2f410710e3ef2eed3658	d__Bacteria; p__Firmicutes; c__Bacilli; o__Lactobacillales; f__Streptococcaceae; g__Streptococcus	0.924007139991088
3e78dd6097ebea20aac36c17aa1e0936	d__Bacteria; p__Firmicutes; c__Bacilli; o__Bacillales	0.7685211914472801
3903895f9b522e0cbe31a6c7f0fcc845	d__Bacteria; p__Bacteroidota; c__Bacteroidia; o__Flavobacteriales; f__Weeksellaceae; g__Cloacibacterium; s__uncultured_bacterium	0.9540732211689188
4d483b9187d2e8cc036841cef57f9206	d__Bacteria; p__Firmicutes; c__Bacilli; o__Bacillales; f__Planococcaceae	0.88363732107721
4399743eb362dd9d3d8b6b0d6217f187	d__Bacteria; p__Firmicutes; c__Bacilli; o__Lactobacillales; f__Lactobacillaceae; g__Lactobacillus	0.9632672624519778
88962bc10a60e664e439c949f2f243e6	d__Bacteria; p__Firmicutes; c__Bacilli; o__Lactobacillales; f__Lactobacillaceae; g__Lactobacillus; s__Lactobacillus_paracasei	0.967391900939524
795229ab093774a632d6c3a24d9b02fb	d__Bacteria; p__Firmicutes; c__Clostridia; o__Oscillospirales; f__Ruminococcaceae; g__Subdoligranulum; s__uncultured_bacterium	0.9999850002201403
2678688d3f4fe20b7f4f0ebce4277797	d__Bacteria; p__Firmicutes; c__Bacilli; o__Bacillales; f__Planococcaceae	0.9470084826795543
9b4f4a1d0e2c9523b9c962e91dcfae69	d__Bacteria; p__Firmicutes; c__Bacilli; o__Lactobacillales; f__Lactobacillaceae	0.9940821845475689
6007b5d6881b4c6cff24625944316284	d__Bacteria; p__Proteobacteria; c__Gammaproteobacteria; o__Pseudomonadales; f__Moraxellaceae; g__Acinetobacter; s__uncultured_bacterium	0.9982929718831054
1272fd0976f53ada9cbc0cda3472dc2f	d__Bacteria; p__Proteobacteria; c__Alphaproteobacteria; o__Acetobacterales; f__Acetobacteraceae; g__uncultured; s__uncultured_Alphaproteobacteria	0.9753523023392574
2857b09eb4c66a30e8936af9bf1938de	d__Bacteria; p__Proteobacteria; c__Gammaproteobacteria; o__Pseudomonadales; f__Pseudomonadaceae; g__Pseudomonas; s__uncultured_bacterium	0.8029167188159696
d2e6ccc2d8a1ce9ac55be8256be3551e	d__Bacteria; p__Actinobacteriota; c__Actinobacteria	0.9621131020657835
e0e7456bd9af4060683a6fd202b01982	d__Bacteria; p__Proteobacteria; c__Gammaproteobacteria; o__Burkholderiales; f__Burkholderiaceae; g__Burkholderia-Caballeronia-Paraburkholderia	0.9610207946063489
fedd5fcfc8a93aab4f1090e668d16752	d__Bacteria; p__Firmicutes; c__Bacilli; o__Lactobacillales; f__Lactobacillaceae; g__Lactobacillus	0.9567250192763747
1e1a02b4dacec4202f0b140834ea4bdf	d__Bacteria; p__Firmicutes; c__Bacilli; o__Lactobacillales; f__Lactobacillaceae; g__Lactobacillus	0.7051184398635147
eff589a164ef53d3a696d81bee6ebde9	d__Bacteria; p__Firmicutes; c__Bacilli; o__Lactobacillales; f__Lactobacillaceae; g__Lactobacillus; s__uncultured_bacterium	0.9999029197787481
551e92f04f4e5a3f74999f957f6eb9c9	d__Bacteria; p__Firmicutes; c__Bacilli; o__Lactobacillales; f__Lactobacillaceae; g__Lactobacillus; s__uncultured_Lactobacillus	0.8451773454663424
331f992919611c9bd5b706f0c7bdd18f	d__Bacteria; p__Bacteroidota; c__Bacteroidia; o__Bacteroidales; f__CR-115; g__CR-115; s__uncultured_bacterium	0.9884297380420972
0811ab143de2d47c4caf373d466a1a08	d__Bacteria; p__Bacteroidota; c__Bacteroidia; o__Bacteroidales; f__Bacteroidaceae; g__Bacteroides; s__uncultured_organism	0.9992214126738502
279b9c0b724fc606ff08d8919f3cd9dc	d__Bacteria; p__Firmicutes; c__Bacilli; o__Lactobacillales; f__Aerococcaceae; g__Aerococcus; s__Aerococcus_urinaeequi	0.7287852971782854
5ab8e7825864c1190ec3de87efaed894	d__Bacteria; p__Firmicutes; c__Bacilli; o__Lactobacillales	0.9999038942778548
aaf3f5629995f9bf4da8e7233ab9f838	d__Bacteria; p__Firmicutes; c__Clostridia; o__Clostridia_UCG-014; f__Clostridia_UCG-014; g__Clostridia_UCG-014; s__uncultured_bacterium	0.9618315472604451
12982340e8d7a69a08fd3aa17c1d5b72	d__Bacteria; p__Bacteroidota; c__Bacteroidia; o__Bacteroidales; f__Prevotellaceae	0.7978975801853826
2a059c05f7edd51d846a254d2c24e232	d__Bacteria; p__Actinobacteriota; c__Actinobacteria	0.9954910179607359
7769aca0f050fb26d3538f65ac982249	d__Bacteria; p__Firmicutes; c__Bacilli; o__Lactobacillales	0.8111539638398705
6cea3d8d1738bc364cb4f59a77074f56	d__Bacteria; p__Bacteroidota; c__Bacteroidia; o__Flavobacteriales; f__Weeksellaceae; g__Chryseobacterium; s__Chryseobacterium_sp.	0.9084217022466592
8f62bf6d12fc30bda38b85ee0584e047	d__Bacteria; p__Firmicutes; c__Bacilli; o__Bacillales; f__Planococcaceae; g__Paenisporosarcina; s__Paenisporosarcina_sp.	0.9289680339438308
9a7a925b0c8dc584be5d0113c4ebc331	d__Bacteria; p__Proteobacteria; c__Gammaproteobacteria; o__Enterobacterales; f__Yersiniaceae; g__Serratia; s__Yersinia_sp.	0.8116022974914058
90fe2e9037b139e5cda8ca8b5a4e46b8	d__Bacteria; p__Proteobacteria; c__Gammaproteobacteria; o__Burkholderiales	0.9429660628887361
61f17d001b5d9bc258f6c6ce4b7a065b	d__Bacteria; p__Firmicutes; c__Clostridia; o__Lachnospirales; f__Lachnospiraceae; g__Hungatella; s__uncultured_organism	0.9734893902630254
84cc69d32097e2cdeec530fd6bd67369	d__Bacteria; p__Firmicutes; c__Clostridia; o__Peptostreptococcales-Tissierellales	0.9681751766819683
c7a2ae2017bd22c99a5bcfcc2a55ab13	d__Bacteria; p__Proteobacteria; c__Gammaproteobacteria	0.9999980568383084
b59566978029d9682070d7bcbefc2cbd	d__Bacteria; p__Proteobacteria; c__Gammaproteobacteria; o__Oceanospirillales; f__Marinomonadaceae; g__Marinomonas; s__uncultured_Marinomonas	0.9331653063043969
f52c20b13334ecd79d8319eac8f1b5e7	d__Bacteria; p__Firmicutes; c__Bacilli; o__Lactobacillales; f__Lactobacillaceae; g__Lactobacillus	0.94100608095268
4f9683d3d03ccf629460ac2eb2efc702	d__Bacteria; p__Firmicutes; c__Bacilli; o__Lactobacillales; f__Enterococcaceae; g__Enterococcus; s__uncultured_bacterium	0.7040047393147357
e4e4fcb9347e59a7932521c6296f5cc7	d__Bacteria; p__Firmicutes; c__Bacilli; o__Lactobacillales; f__Streptococcaceae; g__Streptococcus; s__Streptococcus_iniae	0.921055959954273
43d9d23f730cde9ad8a04074d699172c	d__Bacteria; p__Firmicutes; c__Bacilli; o__Lactobacillales; f__Streptococcaceae; g__Streptococcus	0.9999999823355238
e1de6a89105a16a34f531b8e9f22fc7c	d__Bacteria; p__Bacteroidota; c__Bacteroidia; o__Flavobacteriales; f__Flavobacteriaceae; g__uncultured; s__Flavobacteriaceae_bacterium	0.9592348108269237
a94553d630b7d424901267a569c78d49	d__Bacteria; p__Actinobacteriota; c__Actinobacteria; o__Streptomycetales; f__Streptomycetaceae; g__Streptomyces; s__Actinomyces_sp.	0.8310682787809909
1e07d41f1da4edd89cf6aa561c4d0cd0	d__Bacteria; p__Proteobacteria; c__Gammaproteobacteria	0.9999978513322827
686e3ad0ac937f1afb0f2bbd34799abe	d__Bacteria; p__Actinobacteriota; c__Actinobacteria; o__Micrococcales; f__Brevibacteriaceae; g__Brevibacterium; s__uncultured_bacterium	0.9902160559783548
c61727bfd5ffb1318104713747c21aaf	d__Bacteria; p__Firmicutes; c__Bacilli; o__Lactobacillales	0.9361843415593225
791bea66af711a745e48c927ccd77119	d__Bacteria; p__Firmicutes; c__Clostridia; o__Clostridia_UCG-014; f__Clostridia_UCG-014; g__Clostridia_UCG-014; s__uncultured_bacterium	0.9826885618011465
9576d01dda8aacb7afec84326bd26be2	d__Bacteria; p__Firmicutes; c__Clostridia; o__Oscillospirales; f__UCG-010; g__UCG-010; s__uncultured_bacterium	0.9997669152227319
5ddf2e81220cc4d83c92aaf53427fa73	d__Bacteria; p__Proteobacteria; c__Gammaproteobacteria; o__Burkholderiales; f__Neisseriaceae; g__Alysiella; s__uncultured_bacterium	0.9479230323218983
ca68c4e2dc5e24d7a02c546546e8adce	d__Bacteria; p__Firmicutes; c__Bacilli; o__Lactobacillales; f__Lactobacillaceae	0.9284200228783024
7c57be14b95df2e1941f36c9f2bbb1f4	d__Bacteria; p__Proteobacteria; c__Gammaproteobacteria	0.9963530340317522
315a3685ac5cefa07b10c309b5f6519a	d__Bacteria; p__Bacteroidota; c__Bacteroidia; o__Flavobacteriales; f__Flavobacteriaceae	0.8816950921874271
d3ef6d7c1a7731dd6875aa5d9fc424df	d__Bacteria; p__Proteobacteria	0.7714355374006715
04a33d72170c99491f4937a0aa57df6d	d__Bacteria; p__Proteobacteria; c__Gammaproteobacteria; o__Pseudomonadales; f__Moraxellaceae; g__Psychrobacter	0.9906302155353152
faaf1b571a16ce4b56b95379785aa97f	d__Bacteria; p__Firmicutes; c__Clostridia; o__Peptostreptococcales-Tissierellales; f__Peptostreptococcaceae; g__Paraclostridium; s__Paraclostridium_benzoelyticum	0.9999999563552971
6e86c08232dd487a945b39b7d48d13f4	d__Bacteria; p__Proteobacteria; c__Gammaproteobacteria; o__Burkholderiales; f__Comamonadaceae; g__Rhodoferax; s__uncultured_bacterium	0.7740216334568324
8976882c0c6696fe0d4b4a4557b8b6b7	d__Bacteria; p__Proteobacteria; c__Gammaproteobacteria; o__Pseudomonadales; f__Pseudomonadaceae; g__Pseudomonas; s__Pseudomonas_putida	0.9211625725339095
cfc3df7e1f34095a449d13c62c7108fc	d__Bacteria; p__Firmicutes; c__Bacilli; o__Lactobacillales; f__Lactobacillaceae; g__Lactobacillus	0.9385926297510709
93c368bba40f1731dc57c15fa822c3c6	d__Bacteria; p__Proteobacteria; c__Gammaproteobacteria	0.9993114899662937
0d73f639ae0723b52d5a086adeb49990	d__Bacteria; p__Acidobacteriota; c__Acidobacteriae; o__Acidobacteriales; f__Acidobacteriaceae_(Subgroup_1); g__uncultured; s__uncultured_bacterium	0.9874792864103822
3c8049e072e9d659367da96db0fbe34c	d__Bacteria; p__Proteobacteria; c__Gammaproteobacteria	0.9998557841915661
5c9ada7d7c125d77409937f6ec9618df	d__Bacteria; p__Bacteroidota; c__Bacteroidia; o__Bacteroidales; f__Tannerellaceae; g__Parabacteroides; s__unidentified	0.9318946365912543
59cf8b655ec96598204b575aef6193fa	d__Bacteria; p__Acidobacteriota; c__Acidobacteriae; o__Acidobacteriales	0.9746242762781486
04772ad57771b47e0dafbe48feb42821	d__Bacteria; p__Fusobacteriota; c__Fusobacteriia; o__Fusobacteriales; f__Fusobacteriaceae; g__Cetobacterium; s__uncultured_bacterium	0.7998158137100222
7da9c673a1976a9ee7d562738d3814f1	d__Bacteria; p__Firmicutes; c__Bacilli; o__Lactobacillales; f__Lactobacillaceae; g__Lactobacillus; s__Lactobacillus_intermedius	0.84050205608568
55680983bc574833dd63e9e9fa7c8e4a	d__Bacteria; p__Proteobacteria; c__Alphaproteobacteria; o__Acetobacterales; f__Acetobacteraceae; g__uncultured; s__uncultured_Alphaproteobacteria	0.7351733049195681
c641755b1c15f7881aa17aa6ffc56b1d	d__Bacteria; p__Firmicutes; c__Clostridia; o__Oscillospirales; f__Ruminococcaceae; g__Ruminococcus; s__uncultured_bacterium	0.8987440835680199
7524cc0552eb5f5b7d8be6cb8f34946d	d__Bacteria; p__Bacteroidota; c__Bacteroidia; o__Flavobacteriales; f__Weeksellaceae	0.994824032344152
4e38c99a820b3bad17f48dd6d7aaa156	d__Bacteria; p__Proteobacteria; c__Gammaproteobacteria; o__Pseudomonadales; f__Moraxellaceae; g__Acinetobacter; s__uncultured_bacterium	0.724372620588185
bf3f2b2afd33bbb2e3d9ef06f37730af	d__Bacteria; p__Firmicutes; c__Bacilli; o__Lactobacillales	0.8974437996972235
710f653e90067c4daef87580696a649c	d__Bacteria; p__Campilobacterota; c__Campylobacteria; o__Campylobacterales; f__Arcobacteraceae; g__uncultured; s__uncultured_marine	0.9974655252920649
27d12a7f808e81c066852ce5a0f0509a	d__Bacteria; p__Firmicutes; c__Clostridia; o__Clostridia_UCG-014; f__Clostridia_UCG-014; g__Clostridia_UCG-014	0.9999995312907023
28e78352a0ac06ccd13b79754b584435	d__Bacteria; p__Bacteroidota; c__Bacteroidia; o__Bacteroidales; f__Rikenellaceae; g__Rikenellaceae_RC9_gut_group; s__uncultured_rumen	0.879916246201503
f67ddb1975b3bd5040f3070ae683e5c0	d__Bacteria; p__Firmicutes; c__Clostridia	0.881328442993189
85755848d5cf7f9deebd3cfb720d3b6e	d__Bacteria; p__Bacteroidota; c__Bacteroidia; o__Flavobacteriales; f__Weeksellaceae; g__Chryseobacterium; s__Chryseobacterium_sp.	0.9996088084426934
efcf8adb0da3d32e0235478cd24fa7e1	d__Bacteria; p__Firmicutes; c__Clostridia	0.9991595443346701
5db7034e70dc2870ae91b336321d3b94	d__Bacteria; p__Firmicutes; c__Bacilli; o__Bacillales; f__Bacillaceae; g__Bacillus	0.9717647982437759
e23a25b549884ec768c215ed44ef950c	d__Bacteria; p__Firmicutes; c__Clostridia; o__Clostridia; f__Hungateiclostridiaceae; g__Fastidiosipila; s__uncultured_Clostridiales	0.9999963003694543
dac266ba08372cacf044277470fa1da5	d__Bacteria; p__Firmicutes; c__Bacilli; o__Lactobacillales; f__Lactobacillaceae; g__Lactobacillus	0.8128531516715842
5e422e66e79accfe07cc103d39c3fabe	d__Bacteria; p__Proteobacteria; c__Alphaproteobacteria; o__Caulobacterales; f__Caulobacteraceae; g__Caulobacter; s__uncultured_Caulobacter	0.978838184132339
c25199ac345e5d7e739ce3c21310dde7	d__Bacteria; p__Firmicutes; c__Bacilli; o__Lactobacillales; f__Leuconostocaceae; g__Fructobacillus; s__Fructobacillus_durionis	0.8608006271399381
ff0d70ce9906a2477ffdcce534052eef	d__Bacteria; p__Proteobacteria; c__Gammaproteobacteria	0.9707059243909282
057a81432d6c0a877d5d337f415adf0e	d__Bacteria; p__Proteobacteria; c__Gammaproteobacteria; o__Burkholderiales; f__Comamonadaceae; g__Rhodoferax; s__uncultured_soil	0.7151672211880835
edd0c2bb88796965b58b1af8e479f275	d__Bacteria; p__Actinobacteriota; c__Actinobacteria; o__Bifidobacteriales; f__Bifidobacteriaceae; g__Bifidobacterium; s__Bifidobacterium_longum	0.9996112463132444
945371d30d7aeb12096c524b088b2247	d__Bacteria; p__Bacteroidota; c__Bacteroidia; o__Bacteroidales; f__Prevotellaceae; g__Prevotella; s__uncultured_bacterium	0.9990491235174783
fc08a97799586b95a66a40570d01baff	d__Bacteria; p__Bacteroidota; c__Bacteroidia; o__Flavobacteriales; f__Weeksellaceae; g__Moheibacter; s__Moheibacter_sediminis	0.9195914977489793
fe70e7e3c02ea4cf0c2527c4b9de07be	d__Bacteria; p__Campilobacterota; c__Campylobacteria; o__Campylobacterales	0.9999996901077413
b15f9b9571f89bd9b67c5e64ee5269d2	d__Bacteria; p__Firmicutes; c__Bacilli; o__Lactobacillales; f__Enterococcaceae; g__Enterococcus; s__uncultured_bacterium	0.8334002386919604
7ed636d506a7c180acc4ef60029d5513	d__Bacteria; p__Proteobacteria; c__Gammaproteobacteria; o__Xanthomonadales; f__Xanthomonadaceae; g__Stenotrophomonas	0.9718639850614681
4ef93b43a4399bbd168ca16675ed7331	d__Bacteria; p__Firmicutes; c__Bacilli; o__Lactobacillales	0.990257468207841
0e6854d2531a835a256a4b5c1841a6f6	d__Bacteria; p__Proteobacteria; c__Gammaproteobacteria; o__Burkholderiales; f__Burkholderiaceae; g__Ralstonia	0.9025889542452463
8c4bd86a8daacd6fc5f8963b6b8abf91	d__Bacteria; p__Firmicutes; c__Clostridia; o__Oscillospirales	0.9940296475597991
babcd2fe89786652a42ad0b9cf31e4bd	d__Bacteria; p__Bacteroidota; c__Bacteroidia; o__Sphingobacteriales; f__Sphingobacteriaceae; g__Sphingobacterium; s__Sphingobacterium_griseoflavum	0.7253652376062019
3754f5c856fca1ed455f1cd044bef315	d__Bacteria; p__Acidobacteriota; c__Acidobacteriae; o__Subgroup_2; f__Subgroup_2; g__Subgroup_2; s__uncultured_bacterium	0.7837136076116316
cc22da63c6d3698e735bd0758b4e9fa5	d__Bacteria; p__Proteobacteria; c__Gammaproteobacteria; o__Oceanospirillales; f__Halomonadaceae; g__Halomonas	0.955204214566158
38e6bd7c080fea647b3578e1a4a9d7c1	d__Bacteria; p__Firmicutes; c__Bacilli; o__Bacillales; f__Bacillaceae; g__Geobacillus; s__uncultured_organism	0.9999997077085682
b40493bf691b4789a22f8cc451af5e1c	d__Bacteria; p__Proteobacteria; c__Gammaproteobacteria	0.9980475980198925
0644c54341c3ff20d2fcc55fa31813ac	d__Bacteria; p__Bacteroidota; c__Bacteroidia; o__Bacteroidales	0.7284236471062773
e65621cbef4fc20f6e12e4eaf0c51982	d__Bacteria	0.9999999999627429
c72d2efa1af839c9231c335cb4dcbde1	d__Bacteria	0.9999999992847145
46ab8d86a9e41fd6703670a5a412abea	d__Bacteria; p__Firmicutes; c__Clostridia; o__Lachnospirales; f__Lachnospiraceae	0.8030083841162008
301f85560cff7a7f4f6f1de2dd158ba4	d__Bacteria; p__Proteobacteria; c__Alphaproteobacteria; o__Rhizobiales; f__Rhizobiaceae; g__Allorhizobium-Neorhizobium-Pararhizobium-Rhizobium; s__uncultured_soil	0.9682829898481379
23b39a23b3f3c5ca7253b98a5f395319	d__Bacteria; p__Bacteroidota; c__Bacteroidia; o__Bacteroidales; f__Tannerellaceae; g__Parabacteroides; s__unidentified	0.9427358067244545
f292b1f49f296a3d593502fc5809fe0e	d__Bacteria; p__Bacteroidota; c__Bacteroidia; o__Bacteroidales; f__Tannerellaceae; g__Parabacteroides; s__unidentified	0.9578799910563192
65953688764708cd4e8e3225a881e241	d__Bacteria; p__Deinococcota; c__Deinococci; o__Thermales; f__Thermaceae; g__Thermus; s__Thermus_scotoductus	0.9999999004787036
78b887a3f13b18bcf5490886c56f1ddf	d__Bacteria; p__Firmicutes; c__Bacilli; o__Lactobacillales; f__Lactobacillaceae; g__Lactobacillus	0.9788592397126473
